{"createdVizVersion":"7.0.0","watchos_longlooknotificationicon_42":"","wap_android240_fontsize":"12","mwaddrkey":"","watchos_notificationcentericon_38":"","createdgaversion":"7.0.0","wap_android640_fontsize":"12","winmobileguidkey":"","desktopwebbasefontsize":"12","watchos_shortlooknotificationicon_42":"","wap_spaandroidtab_fontsize":"12","apppackagekey":"","startupformkey":"frmHome","wap_bb440_fontsize":"12","wap_spaandroidtabldpi_fontsize":"12","isA11yConfigEnabled":false,"wap_android480_fontsize":"12","wap_spawindowstab_fontsize":"12","defaulttheme":"defaultTheme","wap_winphone320_fontsize":"12","watchos_longlooknotificationicon_38":"","watchos_notificationcentericon_42":"","enableactionbar":false,"appmenu":{"focusSkin":null,"tablet":{"data":[{"id":"appmenuitemid1","icon":{"default":"option1.png"},"title":"Item 1","windows8":{"position":"BOTTOM_LEFT","appBarButtonStyle":"No Style"},"kuid":"ec16b18ae33f4a7db146e2fc699d23fa","android":{"showAsFlag":0}},{"id":"appmenuitemid2","icon":{"default":"option2.png"},"title":"Item 2","windows8":{"position":"BOTTOM_LEFT","appBarButtonStyle":"No Style"},"kuid":"51ab30d5bbdb43d8a65a8eb7d2e3792f","android":{"showAsFlag":0}},{"id":"appmenuitemid3","icon":{"default":"option3.png"},"title":"Item 3","windows8":{"position":"BOTTOM_LEFT","appBarButtonStyle":"No Style"},"kuid":"5c9ce4cf9d4a42d8bf7cf2af1de97045","android":{"showAsFlag":0}},{"id":"appmenuitemid4","icon":{"default":"option4.png"},"title":"Item 4","windows8":{"position":"BOTTOM_LEFT","appBarButtonStyle":"No Style"},"kuid":"3324476c9513417fb89c7101a33d4ae1","android":{"showAsFlag":0}}]},"osVersion":"iOS7","wType":"Appmenu","focusskin":null,"osPlatform":"","desktop":{"data":[{"id":"appmenuitemid1","icon":{"default":"option1.png"},"title":"Item 1","kuid":"7315b82cc7c1482da58700d428b2bcb3"},{"id":"appmenuitemid2","icon":{"default":"option2.png"},"title":"Item 2","kuid":"bf2a3efc63524ada9f43b3dbc146839f"},{"id":"appmenuitemid3","icon":{"default":"option3.png"},"title":"Item 3","kuid":"5407ecf2dde141099d88d7b287fc796f"},{"id":"appmenuitemid4","icon":{"default":"option4.png"},"title":"Item 4","kuid":"6a16cca8896142a2a462cbe55e982f86"}]},"skin":null,"mobile":{"data":[{"id":"appmenuitemid1","icon":{"default":"option1.png"},"title":"Item 1","android":{"showAsFlag":0},"kuid":"1d09279d0bb34e4e81faf0532b045de5"},{"id":"appmenuitemid2","icon":{"default":"option2.png"},"title":"Item 2","android":{"showAsFlag":0},"kuid":"76878e04c5724731bc4f4b7f9580b3d1"},{"id":"appmenuitemid3","icon":{"default":"option3.png"},"title":"Item 3","android":{"showAsFlag":0},"kuid":"fcc0abc2afbd40859fd6c584143a897e"},{"id":"appmenuitemid4","icon":{"default":"option4.png"},"title":"Item 4","android":{"showAsFlag":0},"kuid":"a4cd93c1385d4b1b969c61801808ea3b"}]}},"wap_android360_fontsize":"12","project.type":"js","appversionkey":"1.0.0","mwportkey":"","wap_bb400_fontsize":"12","isNewAppWithRespectToAndroidPackageName":"","build":"debug","wap_android320_fontsize":"12","statusBarHidden":"false","wap_winphone480_fontsize":"12","export.type":"studioviz","wap_bb240_fontsize":"12","wap_bb480_fontsize":"12","wap_spaandroidtabmdpi_fontsize":"12","wap_bb320_fontsize":"12","project_version":"sprint22","appaddrkey":"","wap_android400_fontsize":"12","wap_ip_fontsize":"12","tabletstartupformkey":"","watchos_shortlooknotificationicon_38":"","appidkey":"BT","currentgaversion":"7.0.0","mwhttpsportkey":"","vendornamekey":"KonyLabs","konyVizVersion":"7.0.0","appnamekey":"BT","APPLICATION_THEME":"default","wap_spaipad_fontsize":"12","wap_android440_fontsize":"12","wap_spaandroidtabhdpi_fontsize":"12","nativeContainerProperties":{"isModified":false,"isEnableJSContaineriOS":false,"isEnableJSContainerAndroid":false,"isEnableJSContainer":false},"wap_bb360_fontsize":"12"}