{
    "@class": "com.kony.gen.viz.model.component.KVizButton",
    "DNDConfig": null,
    "__parentReadjusting__": false,
    "_height_": {
        "type": "string",
        "value": "50dp"
    },
    "_margin_": [
        6,
        6,
        6,
        6
    ],
    "_padding_": [
        0,
        0,
        0,
        0
    ],
    "_right_": {
        "type": "string",
        "value": "5%"
    },
    "_skin_": "s5aa18662fc14656b8440e9a9ab4e6a4",
    "_text_": "Button",
    "_top_": {
        "type": "string",
        "value": "83%"
    },
    "_width_": {
        "type": "string",
        "value": "50dp"
    },
    "canUpdateUI": true,
    "centery": {
        "type": "string",
        "value": "50%"
    },
    "containerId": true,
    "containerweight": 100,
    "contentalignment": 5,
    "displaytext": true,
    "focusskin": "s5aa18662fc14656b8440e9a9ab4e6a4",
    "id": "btnBusMap",
    "ide_onClick": "AS_Button_99133e1197e3483a9f74343624feffd7",
    "info": null,
    "isvisible": true,
    "kuid": "e2711d4b7f5f4346ae5efd58e2a16549",
    "name": "kony.ui.Button",
    "parent": "flxTempBusTrack",
    "pf": "segTempBusTrack",
    "wType": "Button",
    "zindex": 1
}