{
    "DNDConfig": null,
    "_height_": {
        "type": "string",
        "value": "40%"
    },
    "_margin_": [
        0,
        0,
        0,
        0
    ],
    "_orientation_": 6,
    "_padding_": [
        0,
        0,
        0,
        0
    ],
    "_percent_": true,
    "_skin_": "sac286b7d9274ebba649d8f4029fc18d",
    "allboxes": [],
    "autogrowmode": 0,
    "canUpdateUI": true,
    "children": [
        "lblBusNo",
        "lblColon1",
        "lblBusNoValue",
        "lblStatus",
        "lblColon2",
        "lblStatusValue",
        "lblBusType",
        "lblColon3",
        "lblBusTypeValue",
        "lblDistance",
        "lblColon4",
        "lblDistanceValue",
        "lblTime",
        "lblColon5",
        "lblTimeValue",
        "lblBusLocation",
        "lblColon6",
        "lblBusLocationValue",
        "lblLine",
        "imgBusMap",
        "btnBusMap"
    ],
    "clipbounds": true,
    "containerId": true,
    "containerweight": 100,
    "enablescrolling": true,
    "id": "flxTempBusTrack",
    "info": null,
    "isTemplate": true,
    "isvisible": true,
    "kuid": "702a3681e78044bf81a8fac05db37b00",
    "layouttype": 2,
    "name": "kony.ui.FlexContainer",
    "parent": "segTempBusTrack",
    "pf": "segTempBusTrack",
    "snapgridsize": 10,
    "snaptogrid": true,
    "wType": "FlexContainer",
    "widgetalignment": 1
}