{
    "@class": "com.kony.gen.viz.model.component.KVizLabel",
    "DNDConfig": null,
    "__parentReadjusting__": false,
    "_height_": {
        "type": "string",
        "value": "16%"
    },
    "_left_": {
        "type": "string",
        "value": "38%"
    },
    "_margin_": [
        1,
        1,
        1,
        1
    ],
    "_padding_": [
        0,
        0,
        0,
        0
    ],
    "_skin_": "sa36451661eb4f56bbd5a6cbab83daf8",
    "_text_": "Kondapur Kondapur Konadapur",
    "_top_": {
        "type": "string",
        "value": "75%"
    },
    "_width_": {
        "type": "string",
        "value": "49%"
    },
    "_wrapping_": 2,
    "android": {
        "textStyle": {
            "letterSpacing": 0,
            "strikeThrough": false
        }
    },
    "canUpdateUI": true,
    "containerId": true,
    "containerweight": 100,
    "contentalignment": 1,
    "id": "lblBusLocationValue",
    "info": null,
    "ipad": {
        "psp": {
            "wrapping": 2
        }
    },
    "iphone": {
        "psp": {
            "wrapping": 2
        }
    },
    "isvisible": true,
    "kuid": "e8b79f6ca52a4b0a8d378606b17c40e6",
    "name": "kony.ui.Label",
    "parent": "flxTempBusTrack",
    "pf": "segTempBusTrack",
    "tooltip": "",
    "wType": "Label"
}