{
    "@class": "com.kony.gen.viz.model.container.KVizSegment2",
    "DNDConfig": null,
    "__parentReadjusting__": false,
    "_bounces_": false,
    "_data_": [
        {
            "imgarrow": {
                "@class": "com.viz.ide.model.segment.ImageSegmentData",
                "src": "arrow_with_both_sides.png"
            },
            "lblFrom": {
                "@class": "com.viz.ide.model.segment.SimpleTextSegmentData",
                "text": "Mallapur"
            },
            "lblLine": {
                "@class": "com.viz.ide.model.segment.SimpleTextSegmentData",
                "text": ":"
            },
            "lblTo": {
                "@class": "com.viz.ide.model.segment.SimpleTextSegmentData",
                "text": "Tarnaka"
            }
        }
    ],
    "_height_": {
        "type": "string",
        "value": "100%"
    },
    "_indicator_": "none",
    "_left_": {
        "type": "string",
        "value": "0%"
    },
    "_margin_": [
        0,
        0,
        0,
        0
    ],
    "_orientation_": 2,
    "_padding_": [
        0,
        0,
        0,
        0
    ],
    "_top_": {
        "type": "string",
        "value": "0%"
    },
    "_width_": {
        "type": "string",
        "value": "100%"
    },
    "android": {
        "psp": {
            "dockSectionHeaders": true
        }
    },
    "autogrowmode": 0,
    "canUpdateUI": true,
    "containerweight": 100,
    "counter": "00",
    "focusedindex": null,
    "focuseditem": null,
    "groupcells": false,
    "hasSections": false,
    "id": "segBusStops",
    "ide_onRowClick": "AS_Segment_a66395c8c3a0443c81df6113a4360437",
    "info": null,
    "ipad": {
        "psp": {
            "indicator": "rowselect"
        }
    },
    "iphone": {
        "psp": {
            "bounces": false,
            "indicator": "none"
        }
    },
    "isvisible": true,
    "kuid": "4902e7e68aba413b85440b88cbd9b8b1",
    "masterdata": {},
    "name": "kony.ui.SegmentedUI2",
    "needpageindicator": true,
    "pageoffdotimage": "pageOffDot.png",
    "pageondotimage": "pageOnDot.png",
    "paginationconfig": {
        "position": "bottom"
    },
    "parent": "flxBody",
    "pf": "frmFavourites",
    "retainselection": false,
    "rowTemplateId": "c6d01307f5264761aeb6f46a135789fc",
    "rowcounter": 0,
    "rowfocusskin": "s114baa971d54d31aa28adbbd5b9e7ad",
    "rowskin": "s623ffd4759e453487abd3f14a6e703b",
    "rowtemplate": "flxSegTempFavRoutes",
    "screenlevelwidget": false,
    "seccounter": 0,
    "sectionheaderskin": "s8452ed62ba5409ea274d13627439a7b",
    "selectedRows": null,
    "selectedState": false,
    "selectedindex": null,
    "selectedindices": null,
    "selecteditems": null,
    "selectedsectionindex": 0,
    "selectionbehavior": "default",
    "separatorrequired": false,
    "showscrollbars": false,
    "viewtype": "tableview",
    "wType": "Segment",
    "widgetalignment": 5,
    "widgetdatamap": {
        "flxSegTempFavRoutes": "flxSegTempFavRoutes",
        "imgarrow": "imgarrow",
        "lblFrom": "lblFrom",
        "lblLine": "lblLine",
        "lblTo": "lblTo"
    }
}