{
    "AS_Button_bf5027e9a4d84ee08bcc69bc99cb7e5e": {
        "id": "AS_Button_bf5027e9a4d84ee08bcc69bc99cb7e5e",
        "type": "ACTION_SEQUENCE",
        "params": [{
            "datatype": "collection",
            "name": "eventobject"
        }],
        "contextObj": {
            "name": "frmFavourites",
            "type": "forms",
            "platform": null,
            "KUID": "83bfaf2716bf478b9df0b4ec4e7e6cd8"
        },
        "actions": [{
            "id": "ADD_SNIPPET_ide_onClick_87f56488e7f34489a01e96db59d393ca",
            "type": "ADD_SNIPPET",
            "codeSnippet": "out_RevealLtoR(frmFavourites);\nfrmHome.show();",
            "callbackType": null
        }]
    }
}