{
    "AS_Button_98edf64253c44ebf9d38e6ae1b6a3315": {
        "id": "AS_Button_98edf64253c44ebf9d38e6ae1b6a3315",
        "type": "ACTION_SEQUENCE",
        "params": [{
            "datatype": "collection",
            "name": "eventobject"
        }],
        "contextObj": {
            "name": "frmStopsNearMe",
            "type": "forms",
            "platform": null,
            "KUID": "443a358d2f64410b988b6eb71af75eaf"
        },
        "actions": [{
            "id": "ADD_SNIPPET__150efcb5b5e847458c799e083196d706",
            "type": "ADD_SNIPPET",
            "codeSnippet": "in_MoveInRtoL(frmMapView);\nfrmMapView.show();",
            "parentId": null,
            "callbackType": null
        }]
    }
}