{
    "AS_Button_f84543b328a24821ac0b43419407ed30": {
        "id": "AS_Button_f84543b328a24821ac0b43419407ed30",
        "type": "ACTION_SEQUENCE",
        "params": [{
            "datatype": "collection",
            "name": "eventobject"
        }],
        "contextObj": {
            "name": "frmStopsNearMe",
            "type": "forms",
            "platform": null,
            "KUID": "443a358d2f64410b988b6eb71af75eaf"
        },
        "actions": [{
            "id": "ADD_SNIPPET__db39a75fd05747f686188f9c1c889c46",
            "type": "ADD_SNIPPET",
            "codeSnippet": "out_RevealLtoR(frmStopsNearMe);\nfrmHome.show();",
            "parentId": null,
            "callbackType": null
        }]
    }
}