{
    "AS_Button_99133e1197e3483a9f74343624feffd7": {
        "id": "AS_Button_99133e1197e3483a9f74343624feffd7",
        "type": "ACTION_SEQUENCE",
        "params": [{
            "datatype": "collection",
            "name": "eventobject"
        }, {
            "datatype": "collection",
            "name": "context"
        }],
        "contextObj": {
            "name": "segTempBusTrack",
            "type": "templates",
            "platform": "",
            "KUID": "a8c04c851df24d26af5422e81dcb7463"
        },
        "actions": [{
            "id": "ADD_SNIPPET__d3da5f4b84f14b8c8931e057a16d7a1f",
            "type": "ADD_SNIPPET",
            "codeSnippet": "in_MoveInRtoL(frmMapView);\nfrmMapView.show();",
            "parentId": null,
            "callbackType": null
        }]
    }
}