{
    "AS_Button_64db71d0acf0499f95d91d08397ba00f": {
        "id": "AS_Button_64db71d0acf0499f95d91d08397ba00f",
        "type": "ACTION_SEQUENCE",
        "params": [{
            "datatype": "collection",
            "name": "eventobject"
        }],
        "contextObj": {
            "name": "frmSearchByRoute",
            "type": "forms",
            "platform": "",
            "KUID": "9747c23fcfd043c9ac17d1fb03e81822"
        },
        "actions": [{
            "id": "ADD_SNIPPET__8fda668d3c60495192da20d1a052137c",
            "type": "ADD_SNIPPET",
            "codeSnippet": "out_RevealLtoR(frmSearchByRoute);\nfrmHome.show();",
            "parentId": null,
            "callbackType": null
        }]
    }
}