{
    "AS_Button_b3d2d4ed84144957b320faf2f2bcaa6a": {
        "id": "AS_Button_b3d2d4ed84144957b320faf2f2bcaa6a",
        "type": "ACTION_SEQUENCE",
        "params": [{
            "datatype": "collection",
            "name": "eventobject"
        }],
        "contextObj": {
            "name": "frmBusInfo",
            "type": "forms",
            "platform": null,
            "KUID": "4402b9e308034b0a81a18dd0e40b9e7b"
        },
        "actions": [{
            "id": "ADD_SNIPPET_ide_onClick_90b3abdf64f5417391d7850808f02f07",
            "type": "ADD_SNIPPET",
            "codeSnippet": "var prevForm = kony.application.getPreviousForm();\nout_RevealLtoR(frmBusInfo);\nprevForm.show();",
            "callbackType": null
        }]
    }
}