{
    "AS_Button_9057ff3cfeed471ead3e9cefa66b363d": {
        "id": "AS_Button_9057ff3cfeed471ead3e9cefa66b363d",
        "type": "ACTION_SEQUENCE",
        "params": [{
            "datatype": "collection",
            "name": "eventobject"
        }],
        "contextObj": {
            "name": "frmStopsNearMe",
            "type": "forms",
            "platform": "",
            "KUID": "443a358d2f64410b988b6eb71af75eaf"
        },
        "actions": [{
            "id": "ADD_SNIPPET__7000cae2bbef4d7f93044b2521c2379c",
            "type": "ADD_SNIPPET",
            "codeSnippet": "onClickOfRefreshBtn();",
            "parentId": null,
            "callbackType": null
        }]
    }
}