{
    "AS_Button_8eb3b28252f846d9b01832486ed569bf": {
        "id": "AS_Button_8eb3b28252f846d9b01832486ed569bf",
        "type": "ACTION_SEQUENCE",
        "params": [{
            "datatype": "collection",
            "name": "eventobject"
        }],
        "contextObj": {
            "name": "frmMapView",
            "type": "forms",
            "platform": null,
            "KUID": "050eff62f1f94711adf47dd4abaf6d78"
        },
        "actions": [{
            "id": "ADD_SNIPPET_ide_onClick_bcaae091ba4c40e78b0a51aa0c234354",
            "type": "ADD_SNIPPET",
            "codeSnippet": "var prevForm = kony.application.getPreviousForm();\nout_RevealLtoR(frmMapView);\nprevForm.show();",
            "callbackType": null
        }]
    }
}