{
    "AS_FlexContainer_18bb54338695449aa93270890ccf7806": {
        "id": "AS_FlexContainer_18bb54338695449aa93270890ccf7806",
        "type": "ACTION_SEQUENCE",
        "params": [{
            "datatype": "collection",
            "name": "eventobject"
        }],
        "contextObj": {
            "name": "frmSearchByRoute",
            "type": "forms",
            "platform": "",
            "KUID": "9747c23fcfd043c9ac17d1fb03e81822"
        },
        "actions": [{
            "id": "ADD_SNIPPET__7b59d86da1da49e2af604f8c90b47ada",
            "type": "ADD_SNIPPET",
            "codeSnippet": "onClickOfSearchBtnInfrmSearchRoutes(false);",
            "parentId": null,
            "callbackType": null
        }]
    }
}