{
    "AS_FlexContainer_0d13db7f1f1c4799b504d417e30811c9": {
        "id": "AS_FlexContainer_0d13db7f1f1c4799b504d417e30811c9",
        "type": "ACTION_SEQUENCE",
        "params": [{
            "datatype": "collection",
            "name": "eventobject"
        }],
        "contextObj": {
            "name": "frmSearchByRoute",
            "type": "forms",
            "platform": "",
            "KUID": "9747c23fcfd043c9ac17d1fb03e81822"
        },
        "actions": [{
            "id": "ADD_SNIPPET__1c3b085cd9ac47129a0242d9586c6504",
            "type": "ADD_SNIPPET",
            "codeSnippet": "onClickOfGPSForCurrentLocation();",
            "parentId": null,
            "callbackType": null
        }]
    }
}