{
    "AS_FlexContainer_1037ee56b7bf4bf38cd3d5be18c32d7f": {
        "id": "AS_FlexContainer_1037ee56b7bf4bf38cd3d5be18c32d7f",
        "type": "ACTION_SEQUENCE",
        "params": [{
            "datatype": "collection",
            "name": "eventobject"
        }],
        "contextObj": {
            "name": "frmHome",
            "type": "forms",
            "platform": "",
            "KUID": "3b8587af459f4c39a85bf3655578efd5"
        },
        "actions": [{
            "id": "ADD_SNIPPET__402368c75b974a5ca5323336d766b20e",
            "type": "ADD_SNIPPET",
            "codeSnippet": "onClickOfSearchBtnInfrmHome(false);",
            "parentId": null,
            "callbackType": null
        }]
    }
}