{
    "AS_FlexContainer_e67978d74a3541c1a592f5e6d25f41be": {
        "id": "AS_FlexContainer_e67978d74a3541c1a592f5e6d25f41be",
        "type": "ACTION_SEQUENCE",
        "params": [{
            "datatype": "collection",
            "name": "eventobject"
        }],
        "contextObj": {
            "name": "frmHome",
            "type": "forms",
            "platform": "",
            "KUID": "3b8587af459f4c39a85bf3655578efd5"
        },
        "actions": [{
            "id": "ADD_SNIPPET__ef0ce965390c4501ae7b72384feb75e0",
            "type": "ADD_SNIPPET",
            "codeSnippet": "onClickOfStopsNearMe();",
            "parentId": null,
            "callbackType": null
        }]
    }
}