{
    "AS_FlexContainer_eb7ef403a1b34d3bb7611e72e24dc7ef": {
        "id": "AS_FlexContainer_eb7ef403a1b34d3bb7611e72e24dc7ef",
        "type": "ACTION_SEQUENCE",
        "params": [{
            "datatype": "collection",
            "name": "eventobject"
        }],
        "contextObj": {
            "name": "frmHome",
            "type": "forms",
            "platform": "",
            "KUID": "3b8587af459f4c39a85bf3655578efd5"
        },
        "actions": [{
            "id": "ADD_SNIPPET__b3341ae9cb6847c29529058813cf5592",
            "type": "ADD_SNIPPET",
            "codeSnippet": "onClickOfSearchRoutesInFrmHome();",
            "parentId": null,
            "callbackType": null
        }]
    }
}