{
    "AS_FlexContainer_ee7b6f702bf64abb9cec231f248a1162": {
        "id": "AS_FlexContainer_ee7b6f702bf64abb9cec231f248a1162",
        "type": "ACTION_SEQUENCE",
        "params": [{
            "datatype": "collection",
            "name": "eventobject"
        }],
        "contextObj": {
            "name": "frmHome",
            "type": "forms",
            "platform": "",
            "KUID": "3b8587af459f4c39a85bf3655578efd5"
        },
        "actions": [{
            "id": "ADD_SNIPPET__051a8f04bb474f3b92eb81e22047de06",
            "type": "ADD_SNIPPET",
            "codeSnippet": "onClickOfGPSForCurrentLocation();",
            "parentId": null,
            "callbackType": null
        }]
    }
}