{
    "AS_Form_07014125500f4c1684e46409cffd99f0": {
        "id": "AS_Form_07014125500f4c1684e46409cffd99f0",
        "type": "ACTION_SEQUENCE",
        "params": [{
            "datatype": "collection",
            "name": "eventobject"
        }],
        "contextObj": {
            "name": "frmHome",
            "type": "forms",
            "platform": "",
            "KUID": "3b8587af459f4c39a85bf3655578efd5"
        },
        "actions": [{
            "id": "ADD_SNIPPET__f03cba74b84147a5ab96ec85e8253327",
            "type": "ADD_SNIPPET",
            "codeSnippet": "preShowMethodofFrmHome();",
            "parentId": null,
            "callbackType": null
        }]
    }
}