{
    "AS_FlexContainer_c2a6b2af56f646f68ed2d590c11d2974": {
        "id": "AS_FlexContainer_c2a6b2af56f646f68ed2d590c11d2974",
        "type": "ACTION_SEQUENCE",
        "params": [{
            "datatype": "collection",
            "name": "eventobject"
        }],
        "contextObj": {
            "name": "frmHome",
            "type": "forms",
            "platform": "",
            "KUID": "3b8587af459f4c39a85bf3655578efd5"
        },
        "actions": [{
            "id": "ADD_SNIPPET__6c9cbf257f7e47c2bb61267c79f44948",
            "type": "ADD_SNIPPET",
            "codeSnippet": "in_MoveInRtoL(frmMapView);\nfrmMapView.show();",
            "parentId": null,
            "callbackType": null
        }]
    }
}