{
    "AS_Form_bc37d9a8bd914e4d8c9b0c6a4a0a456e": {
        "id": "AS_Form_bc37d9a8bd914e4d8c9b0c6a4a0a456e",
        "type": "ACTION_SEQUENCE",
        "params": [{
            "datatype": "collection",
            "name": "eventobject"
        }],
        "contextObj": {
            "name": "frmHome",
            "type": "forms",
            "platform": "",
            "KUID": "3b8587af459f4c39a85bf3655578efd5"
        },
        "actions": [{
            "id": "ADD_SNIPPET__5d785df370384cd787c7b4986a4d4443",
            "type": "ADD_SNIPPET",
            "codeSnippet": null,
            "parentId": null,
            "callbackType": null
        }, {
            "id": "ADD_SNIPPET__6b001286919f498e93e75b6e9584d26a",
            "type": "ADD_SNIPPET",
            "codeSnippet": "initializeJSONs();",
            "parentId": null,
            "callbackType": null
        }]
    }
}