{
    "AS_FlexContainer_3c8658401c8a487d8d62b7be9c4cff0e": {
        "id": "AS_FlexContainer_3c8658401c8a487d8d62b7be9c4cff0e",
        "type": "ACTION_SEQUENCE",
        "params": [{
            "datatype": "collection",
            "name": "eventobject"
        }],
        "contextObj": {
            "name": "frmHome",
            "type": "forms",
            "platform": "",
            "KUID": "3b8587af459f4c39a85bf3655578efd5"
        },
        "actions": [{
            "id": "ADD_SNIPPET__465e54bceeef4a75ac98221bcc884b41",
            "type": "ADD_SNIPPET",
            "codeSnippet": "in_MoveInRtoL(frmFavourites);\nfrmFavourites.show();",
            "parentId": null,
            "callbackType": null
        }]
    }
}