{
    "AS_Segment_43a852ca866543ad89af6284d4cc3fe0": {
        "id": "AS_Segment_43a852ca866543ad89af6284d4cc3fe0",
        "type": "ACTION_SEQUENCE",
        "params": [{
            "datatype": "collection",
            "name": "eventobject"
        }, {
            "datatype": "number",
            "name": "sectionNumber"
        }, {
            "datatype": "number",
            "name": "rowNumber"
        }],
        "contextObj": {
            "name": "frmStopsNearMe",
            "type": "forms",
            "platform": null,
            "KUID": "443a358d2f64410b988b6eb71af75eaf"
        },
        "actions": [{
            "id": "ADD_SNIPPET__e193a40e9a054aba94cb957134e1a48d",
            "type": "ADD_SNIPPET",
            "codeSnippet": "in_MoveInRtoL(frmMapView);\nfrmMapView.show();",
            "parentId": null,
            "callbackType": null
        }]
    }
}