{
    "AS_Segment_4ae33034cee04fe092daa42d6a16cea6": {
        "id": "AS_Segment_4ae33034cee04fe092daa42d6a16cea6",
        "type": "ACTION_SEQUENCE",
        "params": [{
            "datatype": "collection",
            "name": "eventobject"
        }, {
            "datatype": "number",
            "name": "sectionNumber"
        }, {
            "datatype": "number",
            "name": "rowNumber"
        }],
        "contextObj": {
            "name": "frmSearchByRoute",
            "type": "forms",
            "platform": "",
            "KUID": "9747c23fcfd043c9ac17d1fb03e81822"
        },
        "actions": [{
            "id": "ADD_SNIPPET__5f6bd409317a4ed9a9eb2f4532478cb4",
            "type": "ADD_SNIPPET",
            "codeSnippet": "in_MoveInRtoL(frmBusInfo);\nfrmBusInfo.show();",
            "parentId": null,
            "callbackType": null
        }]
    }
}