{
    "AS_Segment_4a27234fe3394d7ea04b0a1f76e4c7b2": {
        "id": "AS_Segment_4a27234fe3394d7ea04b0a1f76e4c7b2",
        "type": "ACTION_SEQUENCE",
        "params": [{
            "datatype": "collection",
            "name": "eventobject"
        }, {
            "datatype": "number",
            "name": "sectionNumber"
        }, {
            "datatype": "number",
            "name": "rowNumber"
        }],
        "contextObj": {
            "name": "frmHome",
            "type": "forms",
            "platform": "",
            "KUID": "3b8587af459f4c39a85bf3655578efd5"
        },
        "actions": [{
            "id": "ADD_SNIPPET__9e77f45ed2ef4e0a92e0681706ad15c0",
            "type": "ADD_SNIPPET",
            "codeSnippet": "onRowClickOfSegBusTracking();",
            "parentId": null,
            "callbackType": null
        }]
    }
}