{
    "AS_Segment_a66395c8c3a0443c81df6113a4360437": {
        "id": "AS_Segment_a66395c8c3a0443c81df6113a4360437",
        "type": "ACTION_SEQUENCE",
        "params": [{
            "datatype": "collection",
            "name": "eventobject"
        }, {
            "datatype": "number",
            "name": "sectionNumber"
        }, {
            "datatype": "number",
            "name": "rowNumber"
        }],
        "contextObj": {
            "name": "frmFavourites",
            "type": "forms",
            "platform": null,
            "KUID": "83bfaf2716bf478b9df0b4ec4e7e6cd8"
        },
        "actions": [{
            "id": "ADD_SNIPPET__d35ebebd572044e3ae36dda59dba9820",
            "type": "ADD_SNIPPET",
            "codeSnippet": "onRowClickOfSegment();",
            "parentId": null,
            "callbackType": null
        }]
    }
}