{
    "DNDConfig": null,
    "_height_": {
        "type": "string",
        "value": "60dp"
    },
    "_margin_": [
        0,
        0,
        0,
        0
    ],
    "_orientation_": 6,
    "_padding_": [
        0,
        0,
        0,
        0
    ],
    "_percent_": true,
    "_skin_": "sac286b7d9274ebba649d8f4029fc18d",
    "allboxes": [],
    "autogrowmode": 0,
    "canUpdateUI": true,
    "children": [
        "lblBusStop",
        "lblLine"
    ],
    "clipbounds": true,
    "containerId": true,
    "containerweight": 100,
    "enablescrolling": true,
    "id": "flxSegTempBusStopsList",
    "info": null,
    "isTemplate": true,
    "isvisible": true,
    "kuid": "7024b31a5ba94a6096fdf3a641abbcaf",
    "layouttype": 2,
    "name": "kony.ui.FlexContainer",
    "parent": "segTempBusStopsList",
    "pf": "segTempBusStopsList",
    "snapgridsize": 10,
    "snaptogrid": true,
    "wType": "FlexContainer",
    "widgetalignment": 1
}