{
  "android": {
    "background_color": {
      "angle": 270,
      "colors": [
        "0d4697ff",
        "146da7ff",
        "1c97b8ff"
      ],
      "cs": [
        0,
        50,
        100
      ],
      "gradientType": "toLeft",
      "gt": "linear"
    },
    "background_style": "linear",
    "bg_type": "ms_gradient",
    "font_name": "ClanPro-News",
    "font_size": 76,
    "isForked": true
  },
  "background_color": "56a9ddff",
  "bg_type": "one",
  "border_color": "ffffffff",
  "border_style": "plain",
  "border_type": 0,
  "border_width": 0,
  "desktopweb": {
    "background_color": {
      "angle": 270,
      "colors": [
        "0d4697ff",
        "146da7ff",
        "1c97b8ff"
      ],
      "cs": [
        0,
        50,
        100
      ],
      "gradientType": "toLeft",
      "gt": "linear"
    },
    "background_style": "linear",
    "bg_type": "ms_gradient",
    "bottom_left_border_color": "ffffffff",
    "bottom_left_border_style": "plain",
    "bottom_left_border_width": 0,
    "bottom_right_border_color": "ffffffff",
    "bottom_right_border_style": "plain",
    "bottom_right_border_width": 0,
    "font_name": "Helvetica",
    "font_size": 267,
    "isForked": true,
    "shadow": {
      "br": 2,
      "color": "000000ff",
      "inner": false,
      "nm": 0,
      "x": 0,
      "y": 2
    },
    "text_shadow": {
      "br": 0,
      "color": "000000ff",
      "x": 0,
      "y": -1
    },
    "top_left_border_color": "ffffffff",
    "top_left_border_style": "plain",
    "top_left_border_width": 0,
    "top_right_border_color": "ffffffff",
    "top_right_border_style": "plain",
    "top_right_border_width": 0
  },
  "fontSizeInPx": true,
  "font_color": "ffffffff",
  "font_name": "Helvetica",
  "font_size": 146,
  "font_style": "normal",
  "font_weight": "normal",
  "ipad": {
    "background_color": {
      "angle": 270,
      "colors": [
        "0d4697ff",
        "146da7ff",
        "1c97b8ff"
      ],
      "cs": [
        0,
        50,
        100
      ],
      "gradientType": "toLeft",
      "gt": "linear"
    },
    "background_style": "linear",
    "bg_type": "ms_gradient",
    "font_name": "Helvetica",
    "font_size": 114,
    "isForked": true,
    "text_shadow": {
      "br": 0,
      "color": "000000ff",
      "x": 0,
      "y": -1
    }
  },
  "iphone": {
    "background_color": {
      "angle": 270,
      "colors": [
        "0d4697ff",
        "146da7ff",
        "1c97b8ff"
      ],
      "cs": [
        0,
        50,
        100
      ],
      "gradientType": "toLeft",
      "gt": "linear"
    },
    "background_style": "linear",
    "bg_type": "ms_gradient",
    "font_name": "ClanPro-News",
    "font_size": 114,
    "isForked": true
  },
  "isDefaultSkin": false,
  "kiosk": {
    "background_color": {
      "angle": 270,
      "colors": [
        "0d4697ff",
        "146da7ff",
        "1c97b8ff"
      ],
      "cs": [
        0,
        50,
        100
      ],
      "gradientType": "toLeft",
      "gt": "linear"
    },
    "background_style": "linear",
    "bg_type": "ms_gradient",
    "font_name": "GenericMonospace",
    "font_size": 200,
    "isForked": true
  },
  "kuid": "s7a9e0be292e4243ad958dd393f3c473",
  "spaan": {
    "background_color": {
      "angle": 270,
      "colors": [
        "0d4697ff",
        "146da7ff",
        "1c97b8ff"
      ],
      "cs": [
        0,
        50,
        100
      ],
      "gradientType": "toLeft",
      "gt": "linear"
    },
    "background_style": "linear",
    "bg_type": "ms_gradient",
    "bottom_left_border_color": "ffffffff",
    "bottom_left_border_style": "plain",
    "bottom_left_border_width": 0,
    "bottom_right_border_color": "ffffffff",
    "bottom_right_border_style": "plain",
    "bottom_right_border_width": 0,
    "font_name": "Helvetica",
    "font_size": 133,
    "isForked": true,
    "shadow": {
      "br": 2,
      "color": "000000ff",
      "inner": false,
      "nm": 0,
      "x": 0,
      "y": 2
    },
    "text_shadow": {
      "br": 0,
      "color": "000000ff",
      "x": 0,
      "y": -1
    },
    "top_left_border_color": "ffffffff",
    "top_left_border_style": "plain",
    "top_left_border_width": 0,
    "top_right_border_color": "ffffffff",
    "top_right_border_style": "plain",
    "top_right_border_width": 0
  },
  "spaandroidtablet": {
    "background_color": {
      "angle": 270,
      "colors": [
        "0d4697ff",
        "146da7ff",
        "1c97b8ff"
      ],
      "cs": [
        0,
        50,
        100
      ],
      "gradientType": "toLeft",
      "gt": "linear"
    },
    "background_style": "linear",
    "bg_type": "ms_gradient",
    "bottom_left_border_color": "ffffffff",
    "bottom_left_border_style": "plain",
    "bottom_left_border_width": 0,
    "bottom_right_border_color": "ffffffff",
    "bottom_right_border_style": "plain",
    "bottom_right_border_width": 0,
    "font_name": "Helvetica",
    "font_size": 133,
    "isForked": true,
    "shadow": {
      "br": 2,
      "color": "000000ff",
      "inner": false,
      "nm": 0,
      "x": 0,
      "y": 2
    },
    "text_shadow": {
      "br": 0,
      "color": "000000ff",
      "x": 0,
      "y": -1
    },
    "top_left_border_color": "ffffffff",
    "top_left_border_style": "plain",
    "top_left_border_width": 0,
    "top_right_border_color": "ffffffff",
    "top_right_border_style": "plain",
    "top_right_border_width": 0
  },
  "spabb": {
    "background_color": {
      "angle": 270,
      "colors": [
        "0d4697ff",
        "146da7ff",
        "1c97b8ff"
      ],
      "cs": [
        0,
        50,
        100
      ],
      "gradientType": "toLeft",
      "gt": "linear"
    },
    "background_style": "linear",
    "bg_type": "ms_gradient",
    "bottom_left_border_color": "ffffffff",
    "bottom_left_border_style": "plain",
    "bottom_left_border_width": 0,
    "bottom_right_border_color": "ffffffff",
    "bottom_right_border_style": "plain",
    "bottom_right_border_width": 0,
    "font_name": "Helvetica",
    "font_size": 133,
    "isForked": true,
    "shadow": {
      "br": 2,
      "color": "000000ff",
      "inner": false,
      "nm": 0,
      "x": 0,
      "y": 2
    },
    "text_shadow": {
      "br": 0,
      "color": "000000ff",
      "x": 0,
      "y": -1
    },
    "top_left_border_color": "ffffffff",
    "top_left_border_style": "plain",
    "top_left_border_width": 0,
    "top_right_border_color": "ffffffff",
    "top_right_border_style": "plain",
    "top_right_border_width": 0
  },
  "spaip": {
    "background_color": {
      "angle": 270,
      "colors": [
        "0d4697ff",
        "146da7ff",
        "1c97b8ff"
      ],
      "cs": [
        0,
        50,
        100
      ],
      "gradientType": "toLeft",
      "gt": "linear"
    },
    "background_style": "linear",
    "bg_type": "ms_gradient",
    "bottom_left_border_color": "ffffffff",
    "bottom_left_border_style": "plain",
    "bottom_left_border_width": 0,
    "bottom_right_border_color": "ffffffff",
    "bottom_right_border_style": "plain",
    "bottom_right_border_width": 0,
    "font_name": "Helvetica",
    "font_size": 133,
    "isForked": true,
    "shadow": {
      "br": 2,
      "color": "000000ff",
      "inner": false,
      "nm": 0,
      "x": 0,
      "y": 2
    },
    "text_shadow": {
      "br": 0,
      "color": "000000ff",
      "x": 0,
      "y": -1
    },
    "top_left_border_color": "ffffffff",
    "top_left_border_style": "plain",
    "top_left_border_width": 0,
    "top_right_border_color": "ffffffff",
    "top_right_border_style": "plain",
    "top_right_border_width": 0
  },
  "spaipad": {
    "background_color": {
      "angle": 270,
      "colors": [
        "0d4697ff",
        "146da7ff",
        "1c97b8ff"
      ],
      "cs": [
        0,
        50,
        100
      ],
      "gradientType": "toLeft",
      "gt": "linear"
    },
    "background_style": "linear",
    "bg_type": "ms_gradient",
    "bottom_left_border_color": "ffffffff",
    "bottom_left_border_style": "plain",
    "bottom_left_border_width": 0,
    "bottom_right_border_color": "ffffffff",
    "bottom_right_border_style": "plain",
    "bottom_right_border_width": 0,
    "font_name": "Helvetica",
    "font_size": 133,
    "isForked": true,
    "shadow": {
      "br": 2,
      "color": "000000ff",
      "inner": false,
      "nm": 0,
      "x": 0,
      "y": 2
    },
    "text_shadow": {
      "br": 0,
      "color": "000000ff",
      "x": 0,
      "y": -1
    },
    "top_left_border_color": "ffffffff",
    "top_left_border_style": "plain",
    "top_left_border_width": 0,
    "top_right_border_color": "ffffffff",
    "top_right_border_style": "plain",
    "top_right_border_width": 0
  },
  "spawindowstablet": {
    "background_color": {
      "angle": 270,
      "colors": [
        "0d4697ff",
        "146da7ff",
        "1c97b8ff"
      ],
      "cs": [
        0,
        50,
        100
      ],
      "gradientType": "toLeft",
      "gt": "linear"
    },
    "background_style": "linear",
    "bg_type": "ms_gradient",
    "bottom_left_border_color": "ffffffff",
    "bottom_left_border_style": "plain",
    "bottom_left_border_width": 0,
    "bottom_right_border_color": "ffffffff",
    "bottom_right_border_style": "plain",
    "bottom_right_border_width": 0,
    "font_name": "Helvetica",
    "font_size": 133,
    "isForked": true,
    "shadow": {
      "br": 2,
      "color": "000000ff",
      "inner": false,
      "nm": 0,
      "x": 0,
      "y": 2
    },
    "text_shadow": {
      "br": 0,
      "color": "000000ff",
      "x": 0,
      "y": -1
    },
    "top_left_border_color": "ffffffff",
    "top_left_border_style": "plain",
    "top_left_border_width": 0,
    "top_right_border_color": "ffffffff",
    "top_right_border_style": "plain",
    "top_right_border_width": 0
  },
  "spawinphone8": {
    "background_color": {
      "angle": 270,
      "colors": [
        "0d4697ff",
        "146da7ff",
        "1c97b8ff"
      ],
      "cs": [
        0,
        50,
        100
      ],
      "gradientType": "toLeft",
      "gt": "linear"
    },
    "background_style": "linear",
    "bg_type": "ms_gradient",
    "bottom_left_border_color": "ffffffff",
    "bottom_left_border_style": "plain",
    "bottom_left_border_width": 0,
    "bottom_right_border_color": "ffffffff",
    "bottom_right_border_style": "plain",
    "bottom_right_border_width": 0,
    "font_name": "Helvetica",
    "font_size": 133,
    "isForked": true,
    "shadow": {
      "br": 2,
      "color": "000000ff",
      "inner": false,
      "nm": 0,
      "x": 0,
      "y": 2
    },
    "text_shadow": {
      "br": 0,
      "color": "000000ff",
      "x": 0,
      "y": -1
    },
    "top_left_border_color": "ffffffff",
    "top_left_border_style": "plain",
    "top_left_border_width": 0,
    "top_right_border_color": "ffffffff",
    "top_right_border_style": "plain",
    "top_right_border_width": 0
  },
  "tabrcandroid": {
    "background_color": {
      "angle": 270,
      "colors": [
        "0d4697ff",
        "146da7ff",
        "1c97b8ff"
      ],
      "cs": [
        0,
        50,
        100
      ],
      "gradientType": "toLeft",
      "gt": "linear"
    },
    "background_style": "linear",
    "bg_type": "ms_gradient",
    "font_name": "Helvetica",
    "font_size": 190,
    "isForked": true,
    "text_shadow": {
      "br": 0,
      "color": "000000ff",
      "x": 0,
      "y": -1
    }
  },
  "wType": "Button",
  "watchos": {
    "font_name": "Helvetica",
    "font_size": 114,
    "isForked": true
  },
  "windows8": {
    "background_color": {
      "angle": 270,
      "colors": [
        "0d4697ff",
        "146da7ff",
        "1c97b8ff"
      ],
      "cs": [
        0,
        50,
        100
      ],
      "gradientType": "toLeft",
      "gt": "linear"
    },
    "background_style": "linear",
    "bg_type": "ms_gradient",
    "font_name": "GenericMonospace",
    "font_size": 78,
    "isForked": true
  },
  "winphone8": {
    "background_color": {
      "angle": 270,
      "colors": [
        "0d4697ff",
        "146da7ff",
        "1c97b8ff"
      ],
      "cs": [
        0,
        50,
        100
      ],
      "gradientType": "toLeft",
      "gt": "linear"
    },
    "background_style": "linear",
    "bg_type": "ms_gradient",
    "font_name": "GenericMonospace",
    "font_size": 107,
    "isForked": true
  }
}