{
  "android": {
    "font_name": "ClanPro-Book",
    "font_size": 62,
    "isForked": false
  },
  "background_color": "00000000",
  "bg_type": "one",
  "border_color": "424242ff",
  "border_style": "plain",
  "border_type": 0,
  "border_width": 0,
  "desktopweb": {
    "font_name": "Helvetica",
    "font_size": 217,
    "isForked": false
  },
  "fontSizeInPx": true,
  "font_color": "424242ff",
  "font_name": "Helvetica",
  "font_size": 93,
  "font_style": "normal",
  "font_weight": "normal",
  "ipad": {
    "font_name": "Helvetica",
    "font_size": 93,
    "isForked": false
  },
  "iphone": {
    "font_name": "ClanPro-Book",
    "font_size": 93,
    "isForked": false
  },
  "isDefaultSkin": false,
  "kiosk": {
    "font_name": "GenericMonospace",
    "font_size": 163,
    "isForked": false
  },
  "kuid": "s4e4d9fee3b94b8bb57cb03d5164b93b",
  "spaan": {
    "font_name": "Helvetica",
    "font_size": 108,
    "isForked": false
  },
  "spaandroidtablet": {
    "font_name": "Helvetica",
    "font_size": 108,
    "isForked": false
  },
  "spabb": {
    "font_name": "Helvetica",
    "font_size": 108,
    "isForked": false
  },
  "spaip": {
    "font_name": "Helvetica",
    "font_size": 108,
    "isForked": false
  },
  "spaipad": {
    "font_name": "Helvetica",
    "font_size": 108,
    "isForked": false
  },
  "spawindowstablet": {
    "font_name": "Helvetica",
    "font_size": 108,
    "isForked": false
  },
  "spawinphone8": {
    "font_name": "Helvetica",
    "font_size": 108,
    "isForked": false
  },
  "tabrcandroid": {
    "font_name": "Helvetica",
    "font_size": 154,
    "isForked": false
  },
  "wType": "Label",
  "watchos": {
    "font_name": "Helvetica",
    "font_size": 93,
    "isForked": false
  },
  "windows8": {
    "font_name": "GenericMonospace",
    "font_size": 63,
    "isForked": false
  },
  "winphone8": {
    "font_name": "GenericMonospace",
    "font_size": 87,
    "isForked": false
  }
}