{
  "android": {
    "font_size": 88,
    "isForked": false
  },
  "background_color": "00000000",
  "bg_type": "one",
  "border_color": "424242ff",
  "border_style": "plain",
  "border_type": 0,
  "border_width": 0,
  "desktopweb": {
    "font_size": 308,
    "isForked": false
  },
  "fontSizeInPx": true,
  "font_color": "424242ff",
  "font_name": "Helvetica",
  "font_size": 132,
  "font_style": "normal",
  "font_weight": "normal",
  "ipad": {
    "font_size": 132,
    "isForked": false
  },
  "iphone": {
    "font_size": 132,
    "isForked": false
  },
  "isDefaultSkin": false,
  "kiosk": {
    "font_size": 231,
    "isForked": false
  },
  "kuid": "s3fc5ba67e18491c9377e19a4ded854f",
  "spaan": {
    "font_size": 154,
    "isForked": false
  },
  "spaandroidtablet": {
    "font_size": 154,
    "isForked": false
  },
  "spabb": {
    "font_size": 154,
    "isForked": false
  },
  "spaip": {
    "font_size": 154,
    "isForked": false
  },
  "spaipad": {
    "font_size": 154,
    "isForked": false
  },
  "spawindowstablet": {
    "font_size": 154,
    "isForked": false
  },
  "spawinphone8": {
    "font_size": 154,
    "isForked": false
  },
  "tabrcandroid": {
    "font_size": 219,
    "isForked": false
  },
  "wType": "Label",
  "watchos": {
    "font_size": 132,
    "isForked": false
  },
  "windows8": {
    "font_size": 90,
    "isForked": false
  },
  "winphone8": {
    "font_size": 123,
    "isForked": false
  }
}