{
  "android": {
    "font_name": "ClanPro-News",
    "font_size": 143,
    "isForked": false
  },
  "background_color": "0d469700",
  "bg_type": "one",
  "border_color": "424242ff",
  "border_style": "plain",
  "border_type": 0,
  "border_width": 0,
  "desktopweb": {
    "font_name": "Helvetica",
    "font_size": 500,
    "isForked": false
  },
  "fontSizeInPx": true,
  "font_color": "0d4697ff",
  "font_name": "Helvetica",
  "font_size": 214,
  "font_style": "normal",
  "font_weight": "normal",
  "ipad": {
    "font_name": "Helvetica",
    "font_size": 214,
    "isForked": false
  },
  "iphone": {
    "font_name": "ClanPro-News",
    "font_size": 214,
    "isForked": false
  },
  "isDefaultSkin": false,
  "kiosk": {
    "font_name": "GenericMonospace",
    "font_size": 375,
    "isForked": false
  },
  "kuid": "sdde22d3f1c4479986185919beac44fd",
  "spaan": {
    "font_name": "Helvetica",
    "font_size": 250,
    "isForked": false
  },
  "spaandroidtablet": {
    "font_name": "Helvetica",
    "font_size": 250,
    "isForked": false
  },
  "spabb": {
    "font_name": "Helvetica",
    "font_size": 250,
    "isForked": false
  },
  "spaip": {
    "font_name": "Helvetica",
    "font_size": 250,
    "isForked": false
  },
  "spaipad": {
    "font_name": "Helvetica",
    "font_size": 250,
    "isForked": false
  },
  "spawindowstablet": {
    "font_name": "Helvetica",
    "font_size": 250,
    "isForked": false
  },
  "spawinphone8": {
    "font_name": "Helvetica",
    "font_size": 250,
    "isForked": false
  },
  "tabrcandroid": {
    "font_name": "Helvetica",
    "font_size": 356,
    "isForked": false
  },
  "wType": "Label",
  "watchos": {
    "font_name": "Helvetica",
    "font_size": 214,
    "isForked": false
  },
  "windows8": {
    "font_name": "GenericMonospace",
    "font_size": 146,
    "isForked": false
  },
  "winphone8": {
    "font_name": "GenericMonospace",
    "font_size": 200,
    "isForked": false
  }
}