{
  "android": {
    "background_color": {
      "angle": 0,
      "colors": [
        "0000ff00",
        "0000ff00",
        "00000033"
      ],
      "cs": [
        0,
        97,
        100
      ],
      "gradientType": "toTop",
      "gt": "linear"
    },
    "background_style": "linear",
    "bg_type": "ms_gradient",
    "isForked": true
  },
  "background_color": "00000000",
  "bg_type": "one",
  "border_color": "000000ff",
  "border_style": "plain",
  "border_type": 0,
  "border_width": 0,
  "desktopweb": {
    "background_color": {
      "angle": 0,
      "colors": [
        "0000ff00",
        "0000ff00",
        "00000033"
      ],
      "cs": [
        0,
        97,
        100
      ],
      "gradientType": "toTop",
      "gt": "linear"
    },
    "background_style": "linear",
    "bg_type": "ms_gradient",
    "bottom_left_border_color": "000000ff",
    "bottom_left_border_style": "plain",
    "bottom_left_border_width": 0,
    "bottom_right_border_color": "000000ff",
    "bottom_right_border_style": "plain",
    "bottom_right_border_width": 0,
    "isForked": true,
    "shadow": {
      "br": 0,
      "color": "000000",
      "inner": true,
      "nm": 0,
      "x": 0,
      "y": 0
    },
    "top_left_border_color": "000000ff",
    "top_left_border_style": "plain",
    "top_left_border_width": 0,
    "top_right_border_color": "000000ff",
    "top_right_border_style": "plain",
    "top_right_border_width": 0
  },
  "ipad": {
    "background_color": {
      "angle": 0,
      "colors": [
        "0000ff00",
        "0000ff00",
        "00000033"
      ],
      "cs": [
        0,
        97,
        100
      ],
      "gradientType": "toTop",
      "gt": "linear"
    },
    "background_style": "linear",
    "bg_type": "ms_gradient",
    "isForked": true,
    "shadow": {
      "br": 0,
      "color": "000000",
      "inner": true,
      "nm": 0,
      "x": 0,
      "y": 0
    }
  },
  "iphone": {
    "background_color": {
      "angle": 0,
      "colors": [
        "0000ff00",
        "0000ff00",
        "00000033"
      ],
      "cs": [
        0,
        97,
        100
      ],
      "gradientType": "toTop",
      "gt": "linear"
    },
    "background_style": "linear",
    "bg_type": "ms_gradient",
    "isForked": true,
    "shadow": {
      "br": 0,
      "color": "000000",
      "inner": true,
      "nm": 0,
      "x": 0,
      "y": 0
    }
  },
  "isDefaultSkin": false,
  "kiosk": {
    "background_color": {
      "angle": 0,
      "colors": [
        "0000ff00",
        "0000ff00",
        "00000033"
      ],
      "cs": [
        0,
        97,
        100
      ],
      "gradientType": "toTop",
      "gt": "linear"
    },
    "background_style": "linear",
    "bg_type": "ms_gradient",
    "isForked": true
  },
  "kuid": "s1f8b2b169fc47908e2e19f0ecc2aa40",
  "spaan": {
    "background_color": {
      "angle": 0,
      "colors": [
        "0000ff00",
        "0000ff00",
        "00000033"
      ],
      "cs": [
        0,
        97,
        100
      ],
      "gradientType": "toTop",
      "gt": "linear"
    },
    "background_style": "linear",
    "bg_type": "ms_gradient",
    "bottom_left_border_color": "000000ff",
    "bottom_left_border_style": "plain",
    "bottom_left_border_width": 0,
    "bottom_right_border_color": "000000ff",
    "bottom_right_border_style": "plain",
    "bottom_right_border_width": 0,
    "isForked": true,
    "shadow": {
      "br": 0,
      "color": "000000",
      "inner": true,
      "nm": 0,
      "x": 0,
      "y": 0
    },
    "top_left_border_color": "000000ff",
    "top_left_border_style": "plain",
    "top_left_border_width": 0,
    "top_right_border_color": "000000ff",
    "top_right_border_style": "plain",
    "top_right_border_width": 0
  },
  "spaandroidtablet": {
    "background_color": {
      "angle": 0,
      "colors": [
        "0000ff00",
        "0000ff00",
        "00000033"
      ],
      "cs": [
        0,
        97,
        100
      ],
      "gradientType": "toTop",
      "gt": "linear"
    },
    "background_style": "linear",
    "bg_type": "ms_gradient",
    "bottom_left_border_color": "000000ff",
    "bottom_left_border_style": "plain",
    "bottom_left_border_width": 0,
    "bottom_right_border_color": "000000ff",
    "bottom_right_border_style": "plain",
    "bottom_right_border_width": 0,
    "isForked": true,
    "shadow": {
      "br": 0,
      "color": "000000",
      "inner": true,
      "nm": 0,
      "x": 0,
      "y": 0
    },
    "top_left_border_color": "000000ff",
    "top_left_border_style": "plain",
    "top_left_border_width": 0,
    "top_right_border_color": "000000ff",
    "top_right_border_style": "plain",
    "top_right_border_width": 0
  },
  "spabb": {
    "background_color": {
      "angle": 0,
      "colors": [
        "0000ff00",
        "0000ff00",
        "00000033"
      ],
      "cs": [
        0,
        97,
        100
      ],
      "gradientType": "toTop",
      "gt": "linear"
    },
    "background_style": "linear",
    "bg_type": "ms_gradient",
    "bottom_left_border_color": "000000ff",
    "bottom_left_border_style": "plain",
    "bottom_left_border_width": 0,
    "bottom_right_border_color": "000000ff",
    "bottom_right_border_style": "plain",
    "bottom_right_border_width": 0,
    "isForked": true,
    "shadow": {
      "br": 0,
      "color": "000000",
      "inner": true,
      "nm": 0,
      "x": 0,
      "y": 0
    },
    "top_left_border_color": "000000ff",
    "top_left_border_style": "plain",
    "top_left_border_width": 0,
    "top_right_border_color": "000000ff",
    "top_right_border_style": "plain",
    "top_right_border_width": 0
  },
  "spaip": {
    "background_color": {
      "angle": 0,
      "colors": [
        "0000ff00",
        "0000ff00",
        "00000033"
      ],
      "cs": [
        0,
        97,
        100
      ],
      "gradientType": "toTop",
      "gt": "linear"
    },
    "background_style": "linear",
    "bg_type": "ms_gradient",
    "bottom_left_border_color": "000000ff",
    "bottom_left_border_style": "plain",
    "bottom_left_border_width": 0,
    "bottom_right_border_color": "000000ff",
    "bottom_right_border_style": "plain",
    "bottom_right_border_width": 0,
    "isForked": true,
    "shadow": {
      "br": 0,
      "color": "000000",
      "inner": true,
      "nm": 0,
      "x": 0,
      "y": 0
    },
    "top_left_border_color": "000000ff",
    "top_left_border_style": "plain",
    "top_left_border_width": 0,
    "top_right_border_color": "000000ff",
    "top_right_border_style": "plain",
    "top_right_border_width": 0
  },
  "spaipad": {
    "background_color": {
      "angle": 0,
      "colors": [
        "0000ff00",
        "0000ff00",
        "00000033"
      ],
      "cs": [
        0,
        97,
        100
      ],
      "gradientType": "toTop",
      "gt": "linear"
    },
    "background_style": "linear",
    "bg_type": "ms_gradient",
    "bottom_left_border_color": "000000ff",
    "bottom_left_border_style": "plain",
    "bottom_left_border_width": 0,
    "bottom_right_border_color": "000000ff",
    "bottom_right_border_style": "plain",
    "bottom_right_border_width": 0,
    "isForked": true,
    "shadow": {
      "br": 0,
      "color": "000000",
      "inner": true,
      "nm": 0,
      "x": 0,
      "y": 0
    },
    "top_left_border_color": "000000ff",
    "top_left_border_style": "plain",
    "top_left_border_width": 0,
    "top_right_border_color": "000000ff",
    "top_right_border_style": "plain",
    "top_right_border_width": 0
  },
  "spawindowstablet": {
    "background_color": {
      "angle": 0,
      "colors": [
        "0000ff00",
        "0000ff00",
        "00000033"
      ],
      "cs": [
        0,
        97,
        100
      ],
      "gradientType": "toTop",
      "gt": "linear"
    },
    "background_style": "linear",
    "bg_type": "ms_gradient",
    "bottom_left_border_color": "000000ff",
    "bottom_left_border_style": "plain",
    "bottom_left_border_width": 0,
    "bottom_right_border_color": "000000ff",
    "bottom_right_border_style": "plain",
    "bottom_right_border_width": 0,
    "isForked": true,
    "shadow": {
      "br": 0,
      "color": "000000",
      "inner": true,
      "nm": 0,
      "x": 0,
      "y": 0
    },
    "top_left_border_color": "000000ff",
    "top_left_border_style": "plain",
    "top_left_border_width": 0,
    "top_right_border_color": "000000ff",
    "top_right_border_style": "plain",
    "top_right_border_width": 0
  },
  "spawinphone8": {
    "background_color": {
      "angle": 0,
      "colors": [
        "0000ff00",
        "0000ff00",
        "00000033"
      ],
      "cs": [
        0,
        97,
        100
      ],
      "gradientType": "toTop",
      "gt": "linear"
    },
    "background_style": "linear",
    "bg_type": "ms_gradient",
    "bottom_left_border_color": "000000ff",
    "bottom_left_border_style": "plain",
    "bottom_left_border_width": 0,
    "bottom_right_border_color": "000000ff",
    "bottom_right_border_style": "plain",
    "bottom_right_border_width": 0,
    "isForked": true,
    "shadow": {
      "br": 0,
      "color": "000000",
      "inner": true,
      "nm": 0,
      "x": 0,
      "y": 0
    },
    "top_left_border_color": "000000ff",
    "top_left_border_style": "plain",
    "top_left_border_width": 0,
    "top_right_border_color": "000000ff",
    "top_right_border_style": "plain",
    "top_right_border_width": 0
  },
  "tabrcandroid": {
    "background_color": {
      "angle": 0,
      "colors": [
        "0000ff00",
        "0000ff00",
        "00000033"
      ],
      "cs": [
        0,
        97,
        100
      ],
      "gradientType": "toTop",
      "gt": "linear"
    },
    "background_style": "linear",
    "bg_type": "ms_gradient",
    "isForked": true
  },
  "wType": "FlexContainer",
  "windows8": {
    "background_color": {
      "angle": 0,
      "colors": [
        "0000ff00",
        "0000ff00",
        "00000033"
      ],
      "cs": [
        0,
        97,
        100
      ],
      "gradientType": "toTop",
      "gt": "linear"
    },
    "background_style": "linear",
    "bg_type": "ms_gradient",
    "isForked": true
  },
  "winphone8": {
    "background_color": {
      "angle": 0,
      "colors": [
        "0000ff00",
        "0000ff00",
        "00000033"
      ],
      "cs": [
        0,
        97,
        100
      ],
      "gradientType": "toTop",
      "gt": "linear"
    },
    "background_style": "linear",
    "bg_type": "ms_gradient",
    "isForked": true
  }
}