{
  "android": {
    "font_name": "ClanPro-Book",
    "font_size": 93,
    "isForked": false
  },
  "background_color": "d8d8d87f",
  "bg_type": "one",
  "border_color": "424242ff",
  "border_style": "plain",
  "border_type": 0,
  "border_width": 0,
  "desktopweb": {
    "font_name": "Helvetica",
    "font_size": 93,
    "isForked": false
  },
  "fontSizeInPx": false,
  "font_color": "5e505000",
  "font_name": "Helvetica",
  "font_size": 93,
  "font_style": "normal",
  "font_weight": "normal",
  "ipad": {
    "font_name": "Helvetica",
    "font_size": 93,
    "isForked": false
  },
  "iphone": {
    "font_name": "ClanPro-Book",
    "font_size": 93,
    "isForked": false
  },
  "isDefaultSkin": false,
  "kiosk": {
    "font_name": "GenericMonospace",
    "font_size": 93,
    "isForked": false
  },
  "kuid": "sa5df7fa35c541488a1acfede9c308f7",
  "spaan": {
    "font_name": "Helvetica",
    "font_size": 93,
    "isForked": false
  },
  "spaandroidtablet": {
    "font_name": "Helvetica",
    "font_size": 93,
    "isForked": false
  },
  "spabb": {
    "font_name": "Helvetica",
    "font_size": 93,
    "isForked": false
  },
  "spaip": {
    "font_name": "Helvetica",
    "font_size": 93,
    "isForked": false
  },
  "spaipad": {
    "font_name": "Helvetica",
    "font_size": 93,
    "isForked": false
  },
  "spawindowstablet": {
    "font_name": "Helvetica",
    "font_size": 93,
    "isForked": false
  },
  "spawinphone8": {
    "font_name": "Helvetica",
    "font_size": 93,
    "isForked": false
  },
  "tabrcandroid": {
    "font_name": "Helvetica",
    "font_size": 93,
    "isForked": false
  },
  "wType": "Label",
  "watchos": {
    "font_name": "Helvetica",
    "font_size": 93,
    "isForked": false
  },
  "windows8": {
    "font_name": "GenericMonospace",
    "font_size": 93,
    "isForked": false
  },
  "winphone8": {
    "font_name": "GenericMonospace",
    "font_size": 93,
    "isForked": false
  }
}