{
  "android": {
    "font_name": "ClanPro-News",
    "font_size": 100,
    "isForked": false
  },
  "background_color": "57b0ff66",
  "bg_type": "one",
  "border_color": "57b0ff26",
  "border_radius": 8,
  "border_style": "custom",
  "border_type": 0,
  "border_width": 1,
  "desktopweb": {
    "font_name": "Helvetica",
    "font_size": 100,
    "isForked": false
  },
  "fontSizeInPx": false,
  "font_color": "ffffffff",
  "font_name": "Helvetica",
  "font_size": 100,
  "font_style": "normal",
  "font_weight": "normal",
  "ipad": {
    "font_name": "Helvetica",
    "font_size": 100,
    "isForked": false
  },
  "iphone": {
    "font_name": "ClanPro-News",
    "font_size": 100,
    "isForked": false
  },
  "isDefaultSkin": false,
  "kiosk": {
    "font_name": "GenericMonospace",
    "font_size": 100,
    "isForked": false
  },
  "kuid": "s3a55084327b48959f8281bee035a778",
  "spaan": {
    "font_name": "Helvetica",
    "font_size": 100,
    "isForked": false
  },
  "spaandroidtablet": {
    "font_name": "Helvetica",
    "font_size": 100,
    "isForked": false
  },
  "spabb": {
    "font_name": "Helvetica",
    "font_size": 100,
    "isForked": false
  },
  "spaip": {
    "font_name": "Helvetica",
    "font_size": 100,
    "isForked": false
  },
  "spaipad": {
    "font_name": "Helvetica",
    "font_size": 100,
    "isForked": false
  },
  "spawindowstablet": {
    "font_name": "Helvetica",
    "font_size": 100,
    "isForked": false
  },
  "spawinphone8": {
    "font_name": "Helvetica",
    "font_size": 100,
    "isForked": false
  },
  "tabrcandroid": {
    "font_name": "Helvetica",
    "font_size": 100,
    "isForked": false
  },
  "wType": "TextField",
  "watchos": {
    "font_name": "Helvetica",
    "font_size": 100,
    "isForked": false
  },
  "windows8": {
    "font_name": "GenericMonospace",
    "font_size": 100,
    "isForked": false
  },
  "winphone8": {
    "font_name": "GenericMonospace",
    "font_size": 100,
    "isForked": false
  }
}