{
    "DNDConfig": null,
    "__parentReadjusting__": false,
    "_height_": {
        "type": "string",
        "value": "25%"
    },
    "_left_": {
        "type": "string",
        "value": "0%"
    },
    "_margin_": [
        0,
        0,
        0,
        0
    ],
    "_orientation_": 6,
    "_padding_": [
        0,
        0,
        0,
        0
    ],
    "_percent_": true,
    "_skin_": "sac286b7d9274ebba649d8f4029fc18d",
    "_top_": {
        "type": "string",
        "value": "0%"
    },
    "_width_": {
        "type": "string",
        "value": "100%"
    },
    "allboxes": [],
    "autogrowmode": 0,
    "canUpdateUI": true,
    "children": [
        "lblBusNo",
        "imgBus",
        "imgTime",
        "lblBusType",
        "imgStatus",
        "lblBusLocation",
        "lblDistace",
        "lblTime",
        "lblStatus",
        "lblDeparture"
    ],
    "clipbounds": true,
    "containerweight": 100,
    "enablescrolling": true,
    "id": "flxBusInfo",
    "info": null,
    "isvisible": true,
    "kuid": "7a8b6675c4454e80a1c4cf8949f3d809",
    "layouttype": 2,
    "name": "kony.ui.FlexContainer",
    "parent": "flxBody",
    "pf": "frmBusInfo",
    "snapgridsize": 10,
    "snaptogrid": true,
    "wType": "FlexContainer",
    "widgetalignment": 1
}