{
    "@class": "com.kony.gen.viz.model.component.KVizImage2",
    "DNDConfig": null,
    "__parentReadjusting__": false,
    "_base64_": null,
    "_height_": {
        "type": "string",
        "value": "35dp"
    },
    "_left_": {
        "type": "string",
        "value": "46%"
    },
    "_margin_": [
        0,
        0,
        0,
        0
    ],
    "_padding_": [
        0,
        0,
        0,
        0
    ],
    "_skin_": "s0b272499b534153b4b312bbfdb0e387",
    "_src_": "bus_place.png",
    "_top_": {
        "type": "string",
        "value": "10%"
    },
    "_width_": {
        "type": "string",
        "value": "35dp"
    },
    "canUpdateUI": true,
    "containerweight": 100,
    "context": {
        "channel": "mobile",
        "formID": "frmBusInfo",
        "templateType": "forms",
        "topLevelBox": null
    },
    "id": "imgBus",
    "imagescalemode": 0,
    "info": null,
    "invokedProperty": "src",
    "isvisible": true,
    "kuid": "03278666c53f4dbd8ed172b5e20ef1e0",
    "name": "kony.ui.Image2",
    "parent": "flxBusInfo",
    "pf": "frmBusInfo",
    "srcType": 1,
    "wType": "Image",
    "widgetalignment": 5
}