{
    "@class": "com.kony.gen.viz.model.component.KVizImage2",
    "DNDConfig": null,
    "__parentReadjusting__": false,
    "_base64_": null,
    "_height_": {
        "type": "string",
        "value": "41dp"
    },
    "_left_": {
        "type": "string",
        "value": "5%"
    },
    "_margin_": [
        0,
        0,
        0,
        0
    ],
    "_padding_": [
        0,
        0,
        0,
        0
    ],
    "_skin_": "s0b272499b534153b4b312bbfdb0e387",
    "_src_": "bus_status.png",
    "_top_": {
        "type": "string",
        "value": "37%"
    },
    "_width_": {
        "type": "string",
        "value": "35dp"
    },
    "canUpdateUI": true,
    "containerweight": 100,
    "context": {
        "channel": "mobile",
        "formID": "frmBusInfo",
        "templateType": "forms",
        "topLevelBox": null
    },
    "id": "imgStatus",
    "imagescalemode": 0,
    "info": null,
    "invokedProperty": "src",
    "isvisible": true,
    "kuid": "3b423b13a8b6424183e17f56a0b3514c",
    "name": "kony.ui.Image2",
    "parent": "flxBusInfo",
    "pf": "frmBusInfo",
    "srcType": 1,
    "wType": "Image",
    "widgetalignment": 5
}