{
    "@class": "com.kony.gen.viz.model.component.KVizImage2",
    "DNDConfig": null,
    "__parentReadjusting__": false,
    "_base64_": null,
    "_height_": {
        "type": "string",
        "value": "35dp"
    },
    "_left_": {
        "type": "string",
        "value": "46%"
    },
    "_margin_": [
        0,
        0,
        0,
        0
    ],
    "_padding_": [
        0,
        0,
        0,
        0
    ],
    "_skin_": "s0b272499b534153b4b312bbfdb0e387",
    "_src_": "time_icon.png",
    "_top_": {
        "type": "string",
        "value": "43%"
    },
    "_width_": {
        "type": "string",
        "value": "35dp"
    },
    "canUpdateUI": true,
    "containerweight": 100,
    "context": {
        "channel": "mobile",
        "formID": "frmBusInfo",
        "templateType": "forms",
        "topLevelBox": null
    },
    "id": "imgTime",
    "imagescalemode": 0,
    "info": null,
    "invokedProperty": "src",
    "isvisible": true,
    "kuid": "6a3c85b7ba3b4d848b38b9555f234173",
    "name": "kony.ui.Image2",
    "parent": "flxBusInfo",
    "pf": "frmBusInfo",
    "srcType": 1,
    "wType": "Image",
    "widgetalignment": 5
}