{
    "@class": "com.kony.gen.viz.model.component.KVizLabel",
    "DNDConfig": null,
    "__parentReadjusting__": false,
    "_height_": {
        "type": "string",
        "value": "13%"
    },
    "_left_": {
        "type": "string",
        "value": "5%"
    },
    "_margin_": [
        1,
        1,
        1,
        1
    ],
    "_padding_": [
        0,
        0,
        0,
        0
    ],
    "_skin_": "se0c37b623314b05a8eeefa684c387d0",
    "_text_": "Deluxe Service",
    "_top_": {
        "type": "string",
        "value": "68%"
    },
    "_width_": {
        "type": "string",
        "value": "35%"
    },
    "_wrapping_": 2,
    "android": {
        "textStyle": {
            "letterSpacing": 0,
            "strikeThrough": false
        }
    },
    "canUpdateUI": true,
    "containerweight": 100,
    "contentalignment": 4,
    "id": "lblBusType",
    "info": null,
    "ipad": {
        "psp": {
            "wrapping": 2
        }
    },
    "iphone": {
        "psp": {
            "wrapping": 2
        }
    },
    "isvisible": true,
    "kuid": "f929d55ed7a8442cab99c5e94dee1a78",
    "name": "kony.ui.Label",
    "parent": "flxBusInfo",
    "pf": "frmBusInfo",
    "tooltip": "",
    "wType": "Label",
    "zindex": 1
}