{
    "@class": "com.kony.gen.viz.model.component.KVizButton",
    "DNDConfig": null,
    "__parentReadjusting__": false,
    "_height_": {
        "type": "string",
        "value": "50dp"
    },
    "_left_": {
        "type": "number",
        "value": "2"
    },
    "_margin_": [
        6,
        6,
        6,
        6
    ],
    "_padding_": [
        0,
        0,
        0,
        0
    ],
    "_right_": {
        "type": "string",
        "value": "5%"
    },
    "_skin_": "s5aa18662fc14656b8440e9a9ab4e6a4",
    "_text_": "Button",
    "_top_": {
        "type": "string",
        "value": "83%"
    },
    "_width_": {
        "type": "string",
        "value": "50dp"
    },
    "canUpdateUI": true,
    "centery": {
        "type": "string",
        "value": "50%"
    },
    "containerweight": 100,
    "contentalignment": 5,
    "displaytext": true,
    "focusskin": "s5aa18662fc14656b8440e9a9ab4e6a4",
    "id": "btnBack",
    "ide_onClick": "AS_Button_8eb3b28252f846d9b01832486ed569bf",
    "info": null,
    "isvisible": true,
    "kuid": "f830a59d890c4538a977f082df64cb37",
    "name": "kony.ui.Button",
    "parent": "flxHeader",
    "pf": "frmMapView",
    "wType": "Button",
    "zindex": 3
}