{
    "DNDConfig": null,
    "__parentReadjusting__": false,
    "_height_": {
        "type": "string",
        "value": "40dp"
    },
    "_left_": {
        "type": "string",
        "value": "78%"
    },
    "_margin_": [
        0,
        0,
        0,
        0
    ],
    "_orientation_": 6,
    "_padding_": [
        0,
        0,
        0,
        0
    ],
    "_percent_": true,
    "_skin_": "sac286b7d9274ebba649d8f4029fc18d",
    "_top_": {
        "type": "string",
        "value": "20%"
    },
    "_width_": {
        "type": "string",
        "value": "40dp"
    },
    "allboxes": [],
    "autogrowmode": 0,
    "canUpdateUI": true,
    "centery": {
        "type": "string",
        "value": "50%"
    },
    "children": [
        "imgMapView"
    ],
    "clipbounds": true,
    "containerweight": 100,
    "enablescrolling": true,
    "id": "flxMapView",
    "ide_onClick": "AS_FlexContainer_c2a6b2af56f646f68ed2d590c11d2974",
    "info": null,
    "isvisible": true,
    "kuid": "fd7c404afc124463adb013b6b79de9e4",
    "layouttype": 2,
    "name": "kony.ui.FlexContainer",
    "parent": "flxHeader",
    "pf": "frmHome",
    "snapgridsize": 10,
    "snaptogrid": true,
    "wType": "FlexContainer",
    "widgetalignment": 1
}