{
    "DNDConfig": null,
    "__parentReadjusting__": false,
    "_height_": {
        "type": "string",
        "value": "40dp"
    },
    "_left_": {
        "type": "string",
        "value": "90%"
    },
    "_margin_": [
        0,
        0,
        0,
        0
    ],
    "_orientation_": 6,
    "_padding_": [
        0,
        0,
        0,
        0
    ],
    "_percent_": true,
    "_skin_": "sac286b7d9274ebba649d8f4029fc18d",
    "_top_": {
        "type": "string",
        "value": "64%"
    },
    "_width_": {
        "type": "string",
        "value": "40dp"
    },
    "allboxes": [],
    "autogrowmode": 0,
    "canUpdateUI": true,
    "children": [
        "imgSearchBuses"
    ],
    "clipbounds": true,
    "containerweight": 100,
    "enablescrolling": true,
    "id": "flxSearchBuses",
    "ide_onClick": "AS_FlexContainer_1037ee56b7bf4bf38cd3d5be18c32d7f",
    "info": null,
    "isvisible": true,
    "kuid": "6caff1b7b39d4e698af7a64bed44b5a3",
    "layouttype": 2,
    "name": "kony.ui.FlexContainer",
    "parent": "flxInputArea",
    "pf": "frmHome",
    "snapgridsize": 10,
    "snaptogrid": true,
    "wType": "FlexContainer",
    "widgetalignment": 1
}