{
    "@class": "com.kony.gen.viz.model.container.KVizSegment2",
    "DNDConfig": null,
    "__parentReadjusting__": false,
    "_bounces_": false,
    "_data_": [
        {
            "btnBusMap": {
                "@class": "com.viz.ide.model.segment.SimpleTextSegmentData",
                "text": "Button"
            },
            "imgBusMap": {
                "@class": "com.viz.ide.model.segment.ImageSegmentData",
                "src": "show_map_view.png"
            },
            "lblBusLocation": {
                "@class": "com.viz.ide.model.segment.SimpleTextSegmentData",
                "text": "Current Location"
            },
            "lblBusLocationValue": {
                "@class": "com.viz.ide.model.segment.SimpleTextSegmentData",
                "text": "Kondapur"
            },
            "lblBusNo": {
                "@class": "com.viz.ide.model.segment.SimpleTextSegmentData",
                "text": "Bus No."
            },
            "lblBusNoValue": {
                "@class": "com.viz.ide.model.segment.SimpleTextSegmentData",
                "text": "10H"
            },
            "lblBusType": {
                "@class": "com.viz.ide.model.segment.SimpleTextSegmentData",
                "text": "Type of"
            },
            "lblBusTypeValue": {
                "@class": "com.viz.ide.model.segment.SimpleTextSegmentData",
                "text": "Metro"
            },
            "lblColon1": {
                "@class": "com.viz.ide.model.segment.SimpleTextSegmentData",
                "text": ":"
            },
            "lblColon2": {
                "@class": "com.viz.ide.model.segment.SimpleTextSegmentData",
                "text": ":"
            },
            "lblColon3": {
                "@class": "com.viz.ide.model.segment.SimpleTextSegmentData",
                "text": ":"
            },
            "lblColon4": {
                "@class": "com.viz.ide.model.segment.SimpleTextSegmentData",
                "text": ":"
            },
            "lblColon5": {
                "@class": "com.viz.ide.model.segment.SimpleTextSegmentData",
                "text": ":"
            },
            "lblColon6": {
                "@class": "com.viz.ide.model.segment.SimpleTextSegmentData",
                "text": ":"
            },
            "lblDistance": {
                "@class": "com.viz.ide.model.segment.SimpleTextSegmentData",
                "text": "Distance"
            },
            "lblDistanceValue": {
                "@class": "com.viz.ide.model.segment.SimpleTextSegmentData",
                "text": "2 Kms"
            },
            "lblLine": {
                "@class": "com.viz.ide.model.segment.SimpleTextSegmentData",
                "text": ":"
            },
            "lblStatus": {
                "@class": "com.viz.ide.model.segment.SimpleTextSegmentData",
                "text": "Status"
            },
            "lblStatusValue": {
                "@class": "com.viz.ide.model.segment.SimpleTextSegmentData",
                "text": "FULL"
            },
            "lblTime": {
                "@class": "com.viz.ide.model.segment.SimpleTextSegmentData",
                "text": "Estimated Time"
            },
            "lblTimeValue": {
                "@class": "com.viz.ide.model.segment.SimpleTextSegmentData",
                "text": "8 Min"
            }
        },
        {
            "btnBusMap": {
                "@class": "com.viz.ide.model.segment.SimpleTextSegmentData",
                "text": "Button"
            },
            "imgBusMap": {
                "@class": "com.viz.ide.model.segment.ImageSegmentData",
                "src": "show_map_view.png"
            },
            "lblBusLocation": {
                "@class": "com.viz.ide.model.segment.SimpleTextSegmentData",
                "text": "Current Location"
            },
            "lblBusLocationValue": {
                "@class": "com.viz.ide.model.segment.SimpleTextSegmentData",
                "text": "Kondapur"
            },
            "lblBusNo": {
                "@class": "com.viz.ide.model.segment.SimpleTextSegmentData",
                "text": "Bus No."
            },
            "lblBusNoValue": {
                "@class": "com.viz.ide.model.segment.SimpleTextSegmentData",
                "text": "10H"
            },
            "lblBusType": {
                "@class": "com.viz.ide.model.segment.SimpleTextSegmentData",
                "text": "Type of"
            },
            "lblBusTypeValue": {
                "@class": "com.viz.ide.model.segment.SimpleTextSegmentData",
                "text": "Deluxe Non - A/C"
            },
            "lblColon1": {
                "@class": "com.viz.ide.model.segment.SimpleTextSegmentData",
                "text": ":"
            },
            "lblColon2": {
                "@class": "com.viz.ide.model.segment.SimpleTextSegmentData",
                "text": ":"
            },
            "lblColon3": {
                "@class": "com.viz.ide.model.segment.SimpleTextSegmentData",
                "text": ":"
            },
            "lblColon4": {
                "@class": "com.viz.ide.model.segment.SimpleTextSegmentData",
                "text": ":"
            },
            "lblColon5": {
                "@class": "com.viz.ide.model.segment.SimpleTextSegmentData",
                "text": ":"
            },
            "lblColon6": {
                "@class": "com.viz.ide.model.segment.SimpleTextSegmentData",
                "text": ":"
            },
            "lblDistance": {
                "@class": "com.viz.ide.model.segment.SimpleTextSegmentData",
                "text": "Distance"
            },
            "lblDistanceValue": {
                "@class": "com.viz.ide.model.segment.SimpleTextSegmentData",
                "text": "2 Kms"
            },
            "lblLine": {
                "@class": "com.viz.ide.model.segment.SimpleTextSegmentData",
                "text": ":"
            },
            "lblStatus": {
                "@class": "com.viz.ide.model.segment.SimpleTextSegmentData",
                "text": "Status"
            },
            "lblStatusValue": {
                "@class": "com.viz.ide.model.segment.SimpleTextSegmentData",
                "text": "FULL"
            },
            "lblTime": {
                "@class": "com.viz.ide.model.segment.SimpleTextSegmentData",
                "text": "Estimated Time"
            },
            "lblTimeValue": {
                "@class": "com.viz.ide.model.segment.SimpleTextSegmentData",
                "text": "8 Min"
            }
        },
        {
            "btnBusMap": {
                "@class": "com.viz.ide.model.segment.SimpleTextSegmentData",
                "text": "Button"
            },
            "imgBusMap": {
                "@class": "com.viz.ide.model.segment.ImageSegmentData",
                "src": "show_map_view.png"
            },
            "lblBusLocation": {
                "@class": "com.viz.ide.model.segment.SimpleTextSegmentData",
                "text": "Current Location"
            },
            "lblBusLocationValue": {
                "@class": "com.viz.ide.model.segment.SimpleTextSegmentData",
                "text": "Kondapur"
            },
            "lblBusNo": {
                "@class": "com.viz.ide.model.segment.SimpleTextSegmentData",
                "text": "Bus No."
            },
            "lblBusNoValue": {
                "@class": "com.viz.ide.model.segment.SimpleTextSegmentData",
                "text": "10H"
            },
            "lblBusType": {
                "@class": "com.viz.ide.model.segment.SimpleTextSegmentData",
                "text": "Type of"
            },
            "lblBusTypeValue": {
                "@class": "com.viz.ide.model.segment.SimpleTextSegmentData",
                "text": "Ordinary"
            },
            "lblColon1": {
                "@class": "com.viz.ide.model.segment.SimpleTextSegmentData",
                "text": ":"
            },
            "lblColon2": {
                "@class": "com.viz.ide.model.segment.SimpleTextSegmentData",
                "text": ":"
            },
            "lblColon3": {
                "@class": "com.viz.ide.model.segment.SimpleTextSegmentData",
                "text": ":"
            },
            "lblColon4": {
                "@class": "com.viz.ide.model.segment.SimpleTextSegmentData",
                "text": ":"
            },
            "lblColon5": {
                "@class": "com.viz.ide.model.segment.SimpleTextSegmentData",
                "text": ":"
            },
            "lblColon6": {
                "@class": "com.viz.ide.model.segment.SimpleTextSegmentData",
                "text": ":"
            },
            "lblDistance": {
                "@class": "com.viz.ide.model.segment.SimpleTextSegmentData",
                "text": "Distance"
            },
            "lblDistanceValue": {
                "@class": "com.viz.ide.model.segment.SimpleTextSegmentData",
                "text": "2 Kms"
            },
            "lblLine": {
                "@class": "com.viz.ide.model.segment.SimpleTextSegmentData",
                "text": ":"
            },
            "lblStatus": {
                "@class": "com.viz.ide.model.segment.SimpleTextSegmentData",
                "text": "Status"
            },
            "lblStatusValue": {
                "@class": "com.viz.ide.model.segment.SimpleTextSegmentData",
                "text": "EMPTY"
            },
            "lblTime": {
                "@class": "com.viz.ide.model.segment.SimpleTextSegmentData",
                "text": "Estimated Time"
            },
            "lblTimeValue": {
                "@class": "com.viz.ide.model.segment.SimpleTextSegmentData",
                "text": "8 Min"
            }
        },
        {
            "btnBusMap": {
                "@class": "com.viz.ide.model.segment.SimpleTextSegmentData",
                "text": "Button"
            },
            "imgBusMap": {
                "@class": "com.viz.ide.model.segment.ImageSegmentData",
                "src": "show_map_view.png"
            },
            "lblBusLocation": {
                "@class": "com.viz.ide.model.segment.SimpleTextSegmentData",
                "text": "Current Location"
            },
            "lblBusLocationValue": {
                "@class": "com.viz.ide.model.segment.SimpleTextSegmentData",
                "text": "Kondapur"
            },
            "lblBusNo": {
                "@class": "com.viz.ide.model.segment.SimpleTextSegmentData",
                "text": "Bus No."
            },
            "lblBusNoValue": {
                "@class": "com.viz.ide.model.segment.SimpleTextSegmentData",
                "text": "10H"
            },
            "lblBusType": {
                "@class": "com.viz.ide.model.segment.SimpleTextSegmentData",
                "text": "Type of"
            },
            "lblBusTypeValue": {
                "@class": "com.viz.ide.model.segment.SimpleTextSegmentData",
                "text": "Deluxe A/C"
            },
            "lblColon1": {
                "@class": "com.viz.ide.model.segment.SimpleTextSegmentData",
                "text": ":"
            },
            "lblColon2": {
                "@class": "com.viz.ide.model.segment.SimpleTextSegmentData",
                "text": ":"
            },
            "lblColon3": {
                "@class": "com.viz.ide.model.segment.SimpleTextSegmentData",
                "text": ":"
            },
            "lblColon4": {
                "@class": "com.viz.ide.model.segment.SimpleTextSegmentData",
                "text": ":"
            },
            "lblColon5": {
                "@class": "com.viz.ide.model.segment.SimpleTextSegmentData",
                "text": ":"
            },
            "lblColon6": {
                "@class": "com.viz.ide.model.segment.SimpleTextSegmentData",
                "text": ":"
            },
            "lblDistance": {
                "@class": "com.viz.ide.model.segment.SimpleTextSegmentData",
                "text": "Distance"
            },
            "lblDistanceValue": {
                "@class": "com.viz.ide.model.segment.SimpleTextSegmentData",
                "text": "2 Kms"
            },
            "lblLine": {
                "@class": "com.viz.ide.model.segment.SimpleTextSegmentData",
                "text": ":"
            },
            "lblStatus": {
                "@class": "com.viz.ide.model.segment.SimpleTextSegmentData",
                "text": "Status"
            },
            "lblStatusValue": {
                "@class": "com.viz.ide.model.segment.SimpleTextSegmentData",
                "text": "EMPTY"
            },
            "lblTime": {
                "@class": "com.viz.ide.model.segment.SimpleTextSegmentData",
                "text": "Estimated Time"
            },
            "lblTimeValue": {
                "@class": "com.viz.ide.model.segment.SimpleTextSegmentData",
                "text": "8 Min"
            }
        },
        {
            "btnBusMap": {
                "@class": "com.viz.ide.model.segment.SimpleTextSegmentData",
                "text": "Button"
            },
            "imgBusMap": {
                "@class": "com.viz.ide.model.segment.ImageSegmentData",
                "src": "show_map_view.png"
            },
            "lblBusLocation": {
                "@class": "com.viz.ide.model.segment.SimpleTextSegmentData",
                "text": "Current Location"
            },
            "lblBusLocationValue": {
                "@class": "com.viz.ide.model.segment.SimpleTextSegmentData",
                "text": "Kondapur"
            },
            "lblBusNo": {
                "@class": "com.viz.ide.model.segment.SimpleTextSegmentData",
                "text": "Bus No."
            },
            "lblBusNoValue": {
                "@class": "com.viz.ide.model.segment.SimpleTextSegmentData",
                "text": "10H"
            },
            "lblBusType": {
                "@class": "com.viz.ide.model.segment.SimpleTextSegmentData",
                "text": "Type of"
            },
            "lblBusTypeValue": {
                "@class": "com.viz.ide.model.segment.SimpleTextSegmentData",
                "text": "Metro"
            },
            "lblColon1": {
                "@class": "com.viz.ide.model.segment.SimpleTextSegmentData",
                "text": ":"
            },
            "lblColon2": {
                "@class": "com.viz.ide.model.segment.SimpleTextSegmentData",
                "text": ":"
            },
            "lblColon3": {
                "@class": "com.viz.ide.model.segment.SimpleTextSegmentData",
                "text": ":"
            },
            "lblColon4": {
                "@class": "com.viz.ide.model.segment.SimpleTextSegmentData",
                "text": ":"
            },
            "lblColon5": {
                "@class": "com.viz.ide.model.segment.SimpleTextSegmentData",
                "text": ":"
            },
            "lblColon6": {
                "@class": "com.viz.ide.model.segment.SimpleTextSegmentData",
                "text": ":"
            },
            "lblDistance": {
                "@class": "com.viz.ide.model.segment.SimpleTextSegmentData",
                "text": "Distance"
            },
            "lblDistanceValue": {
                "@class": "com.viz.ide.model.segment.SimpleTextSegmentData",
                "text": "2 Kms"
            },
            "lblLine": {
                "@class": "com.viz.ide.model.segment.SimpleTextSegmentData",
                "text": ":"
            },
            "lblStatus": {
                "@class": "com.viz.ide.model.segment.SimpleTextSegmentData",
                "text": "Status"
            },
            "lblStatusValue": {
                "@class": "com.viz.ide.model.segment.SimpleTextSegmentData",
                "text": "EMPTY"
            },
            "lblTime": {
                "@class": "com.viz.ide.model.segment.SimpleTextSegmentData",
                "text": "Estimated Time"
            },
            "lblTimeValue": {
                "@class": "com.viz.ide.model.segment.SimpleTextSegmentData",
                "text": "8 Min"
            }
        }
    ],
    "_height_": {
        "type": "string",
        "value": "100%"
    },
    "_indicator_": "none",
    "_left_": {
        "type": "string",
        "value": "0%"
    },
    "_margin_": [
        0,
        0,
        0,
        0
    ],
    "_orientation_": 2,
    "_padding_": [
        0,
        0,
        0,
        0
    ],
    "_top_": {
        "type": "string",
        "value": "0%"
    },
    "_width_": {
        "type": "string",
        "value": "100%"
    },
    "android": {
        "psp": {
            "dockSectionHeaders": true
        }
    },
    "autogrowmode": 0,
    "canUpdateUI": true,
    "containerweight": 100,
    "counter": "04",
    "focusedindex": null,
    "focuseditem": null,
    "groupcells": false,
    "hasSections": false,
    "id": "segBusTracking",
    "ide_onRowClick": "AS_Segment_4a27234fe3394d7ea04b0a1f76e4c7b2",
    "info": null,
    "ipad": {
        "psp": {
            "indicator": "rowselect"
        }
    },
    "iphone": {
        "psp": {
            "bounces": false,
            "indicator": "none"
        }
    },
    "isvisible": true,
    "kuid": "7874e411368e4608ab736ddb2345e082",
    "masterdata": {},
    "name": "kony.ui.SegmentedUI2",
    "needpageindicator": true,
    "pageoffdotimage": "pageOffDot.png",
    "pageondotimage": "pageOnDot.png",
    "paginationconfig": {
        "position": "bottom"
    },
    "parent": "flxBody",
    "pf": "frmHome",
    "retainselection": false,
    "rowTemplateId": "a8c04c851df24d26af5422e81dcb7463",
    "rowcounter": 4,
    "rowfocusskin": "s114baa971d54d31aa28adbbd5b9e7ad",
    "rowskin": "s623ffd4759e453487abd3f14a6e703b",
    "rowtemplate": "flxTempBusTrack",
    "screenlevelwidget": false,
    "seccounter": 0,
    "sectionheaderskin": "s8452ed62ba5409ea274d13627439a7b",
    "selectedRows": null,
    "selectedState": false,
    "selectedindex": null,
    "selectedindices": null,
    "selecteditems": null,
    "selectedsectionindex": 0,
    "selectionbehavior": "default",
    "separatorrequired": false,
    "showscrollbars": false,
    "viewtype": "tableview",
    "wType": "Segment",
    "widgetalignment": 5,
    "widgetdatamap": {
        "btnBusMap": "btnBusMap",
        "flxTempBusTrack": "flxTempBusTrack",
        "imgBusMap": "imgBusMap",
        "lblBusLocation": "lblBusLocation",
        "lblBusLocationValue": "lblBusLocationValue",
        "lblBusNo": "lblBusNo",
        "lblBusNoValue": "lblBusNoValue",
        "lblBusType": "lblBusType",
        "lblBusTypeValue": "lblBusTypeValue",
        "lblColon1": "lblColon1",
        "lblColon2": "lblColon2",
        "lblColon3": "lblColon3",
        "lblColon4": "lblColon4",
        "lblColon5": "lblColon5",
        "lblColon6": "lblColon6",
        "lblDistance": "lblDistance",
        "lblDistanceValue": "lblDistanceValue",
        "lblLine": "lblLine",
        "lblStatus": "lblStatus",
        "lblStatusValue": "lblStatusValue",
        "lblTime": "lblTime",
        "lblTimeValue": "lblTimeValue"
    }
}