{
    "@class": "com.kony.gen.viz.model.component.KVizTextBox2",
    "DNDConfig": null,
    "__parentReadjusting__": false,
    "_height_": {
        "type": "string",
        "value": "24%"
    },
    "_left_": {
        "type": "string",
        "value": "0%"
    },
    "_margin_": [
        0,
        0,
        0,
        0
    ],
    "_padding_": [
        3,
        0,
        0,
        0
    ],
    "_placeholder_": "My Current Location",
    "_skin_": "s3a55084327b48959f8281bee035a778",
    "_text_": "",
    "_top_": {
        "type": "string",
        "value": "20%"
    },
    "_width_": {
        "type": "string",
        "value": "89%"
    },
    "autocapitalize": "none",
    "autocomplete": false,
    "autocorrect": false,
    "autofilter": false,
    "canUpdateUI": true,
    "containerheight": "",
    "containerheightmode": 1,
    "containerweight": 100,
    "contentalignment": 4,
    "focusskin": "s3a55084327b48959f8281bee035a778",
    "id": "txtCurrentLocation",
    "info": null,
    "iphone": {},
    "isvisible": true,
    "keyboardtype": "A",
    "kuid": "38ce7c46357f404b820250a6432844e8",
    "mode": "A",
    "name": "kony.ui.TextBox2",
    "parent": "flxInputArea",
    "pf": "frmHome",
    "placeholderskin": "sb2356341907477bac4be5cd8c19ee0b",
    "securetextentry": false,
    "textinputmode": "A",
    "viewtype": "default",
    "wType": "TextField"
}