{
    "@class": "com.kony.gen.viz.model.component.KVizButton",
    "DNDConfig": null,
    "__parentReadjusting__": false,
    "_height_": {
        "type": "string",
        "value": "50dp"
    },
    "_margin_": [
        6,
        6,
        6,
        6
    ],
    "_padding_": [
        0,
        0,
        0,
        0
    ],
    "_right_": {
        "type": "string",
        "value": "4%"
    },
    "_skin_": "s5aa18662fc14656b8440e9a9ab4e6a4",
    "_text_": "Button",
    "_top_": {
        "type": "string",
        "value": "83%"
    },
    "_width_": {
        "type": "string",
        "value": "50dp"
    },
    "canUpdateUI": true,
    "centery": {
        "type": "string",
        "value": "50%"
    },
    "containerId": true,
    "containerweight": 100,
    "contentalignment": 5,
    "displaytext": true,
    "focusskin": "s5aa18662fc14656b8440e9a9ab4e6a4",
    "id": "btnFav",
    "info": null,
    "isvisible": true,
    "kuid": "e5bb40b4ab7045e6acc1e7771e4e3c4a",
    "name": "kony.ui.Button",
    "parent": "flxTempBusNosList",
    "pf": "segTempBusNosList",
    "wType": "Button",
    "zindex": 1
}