{
    "DNDConfig": null,
    "_height_": {
        "type": "string",
        "value": "13%"
    },
    "_margin_": [
        0,
        0,
        0,
        0
    ],
    "_orientation_": 6,
    "_padding_": [
        0,
        0,
        0,
        0
    ],
    "_percent_": true,
    "_skin_": "sac286b7d9274ebba649d8f4029fc18d",
    "allboxes": [],
    "autogrowmode": 0,
    "canUpdateUI": true,
    "children": [
        "lblStatusValue",
        "lblLine",
        "imgFav",
        "btnFav"
    ],
    "clipbounds": true,
    "containerId": true,
    "containerweight": 100,
    "enablescrolling": true,
    "id": "flxTempBusNosList",
    "info": null,
    "isTemplate": true,
    "isvisible": true,
    "kuid": "993e36a615a74c0db88650bb53e91f7c",
    "layouttype": 2,
    "name": "kony.ui.FlexContainer",
    "parent": "segTempBusNosList",
    "pf": "segTempBusNosList",
    "snapgridsize": 10,
    "snaptogrid": true,
    "wType": "FlexContainer",
    "widgetalignment": 1
}