{
    "@class": "com.kony.gen.viz.model.component.KVizLabel",
    "DNDConfig": null,
    "__parentReadjusting__": false,
    "_height_": {
        "type": "string",
        "value": "13%"
    },
    "_left_": {
        "type": "string",
        "value": "0%"
    },
    "_margin_": [
        1,
        1,
        1,
        1
    ],
    "_padding_": [
        0,
        0,
        0,
        0
    ],
    "_skin_": "sf5f87dd85bb4898a6708d727d4be82e",
    "_text_": "To",
    "_top_": {
        "type": "string",
        "value": "49%"
    },
    "_width_": {
        "type": "string",
        "value": "20%"
    },
    "_wrapping_": 2,
    "android": {
        "textStyle": {
            "letterSpacing": 0,
            "strikeThrough": false
        }
    },
    "canUpdateUI": true,
    "containerweight": 100,
    "contentalignment": 7,
    "id": "lblTo",
    "info": null,
    "ipad": {
        "psp": {
            "wrapping": 2
        }
    },
    "iphone": {
        "psp": {
            "wrapping": 2
        }
    },
    "isvisible": true,
    "kuid": "6e7e6c5ffbc94477a8bae638928316ef",
    "name": "kony.ui.Label",
    "parent": "flxInputArea",
    "pf": "frmSearchByRoute",
    "tooltip": "",
    "wType": "Label",
    "zindex": 1
}