{
    "@class": "com.kony.gen.viz.model.container.KVizSegment2",
    "DNDConfig": null,
    "__parentReadjusting__": false,
    "_bounces_": false,
    "_data_": [
        {
            "btnFav": {
                "@class": "com.viz.ide.model.segment.SimpleTextSegmentData",
                "text": "Button"
            },
            "imgFav": {
                "@class": "com.viz.ide.model.segment.ImageSegmentData",
                "src": "star_unselected.png"
            },
            "lblLine": {
                "@class": "com.viz.ide.model.segment.SimpleTextSegmentData",
                "text": ":"
            },
            "lblStatusValue": {
                "@class": "com.viz.ide.model.segment.SimpleTextSegmentData",
                "text": "10H"
            }
        },
        {
            "btnFav": {
                "@class": "com.viz.ide.model.segment.SimpleTextSegmentData",
                "text": "Button"
            },
            "imgFav": {
                "@class": "com.viz.ide.model.segment.ImageSegmentData",
                "src": "star_selected.png"
            },
            "lblLine": {
                "@class": "com.viz.ide.model.segment.SimpleTextSegmentData",
                "text": ":"
            },
            "lblStatusValue": {
                "@class": "com.viz.ide.model.segment.SimpleTextSegmentData",
                "text": "147"
            }
        },
        {
            "btnFav": {
                "@class": "com.viz.ide.model.segment.SimpleTextSegmentData",
                "text": "Button"
            },
            "imgFav": {
                "@class": "com.viz.ide.model.segment.ImageSegmentData",
                "src": "star_unselected.png"
            },
            "lblLine": {
                "@class": "com.viz.ide.model.segment.SimpleTextSegmentData",
                "text": ":"
            },
            "lblStatusValue": {
                "@class": "com.viz.ide.model.segment.SimpleTextSegmentData",
                "text": "47V"
            }
        },
        {
            "btnFav": {
                "@class": "com.viz.ide.model.segment.SimpleTextSegmentData",
                "text": "Button"
            },
            "imgFav": {
                "@class": "com.viz.ide.model.segment.ImageSegmentData",
                "src": "star_unselected.png"
            },
            "lblLine": {
                "@class": "com.viz.ide.model.segment.SimpleTextSegmentData",
                "text": ":"
            },
            "lblStatusValue": {
                "@class": "com.viz.ide.model.segment.SimpleTextSegmentData",
                "text": "47V/17HN"
            }
        },
        {
            "btnFav": {
                "@class": "com.viz.ide.model.segment.SimpleTextSegmentData",
                "text": "Button"
            },
            "imgFav": {
                "@class": "com.viz.ide.model.segment.ImageSegmentData",
                "src": "star_selected.png"
            },
            "lblLine": {
                "@class": "com.viz.ide.model.segment.SimpleTextSegmentData",
                "text": ":"
            },
            "lblStatusValue": {
                "@class": "com.viz.ide.model.segment.SimpleTextSegmentData",
                "text": "10W/250"
            }
        }
    ],
    "_height_": {
        "type": "string",
        "value": "100%"
    },
    "_indicator_": "none",
    "_left_": {
        "type": "string",
        "value": "0%"
    },
    "_margin_": [
        0,
        0,
        0,
        0
    ],
    "_orientation_": 2,
    "_padding_": [
        0,
        0,
        0,
        0
    ],
    "_top_": {
        "type": "string",
        "value": "0%"
    },
    "_width_": {
        "type": "string",
        "value": "100%"
    },
    "android": {
        "psp": {
            "dockSectionHeaders": true
        }
    },
    "autogrowmode": 0,
    "canUpdateUI": true,
    "containerweight": 100,
    "counter": "04",
    "focusedindex": null,
    "focuseditem": null,
    "groupcells": false,
    "hasSections": false,
    "id": "segBusNosList",
    "ide_onRowClick": "AS_Segment_4ae33034cee04fe092daa42d6a16cea6",
    "info": null,
    "ipad": {
        "psp": {
            "indicator": "rowselect"
        }
    },
    "iphone": {
        "psp": {
            "bounces": false,
            "indicator": "none"
        }
    },
    "isvisible": true,
    "kuid": "64d02dfb5e3542f4a833ec8000d9830b",
    "masterdata": {},
    "name": "kony.ui.SegmentedUI2",
    "needpageindicator": true,
    "pageoffdotimage": "pageOffDot.png",
    "pageondotimage": "pageOnDot.png",
    "paginationconfig": {
        "position": "bottom"
    },
    "parent": "flxBody",
    "pf": "frmSearchByRoute",
    "retainselection": false,
    "rowTemplateId": "587d5f2cb7ab4d67bb880dfcbee4f2b0",
    "rowcounter": 4,
    "rowfocusskin": "s114baa971d54d31aa28adbbd5b9e7ad",
    "rowskin": "s623ffd4759e453487abd3f14a6e703b",
    "rowtemplate": "flxTempBusNosList",
    "screenlevelwidget": false,
    "seccounter": 0,
    "sectionheaderskin": "s8452ed62ba5409ea274d13627439a7b",
    "selectedRows": null,
    "selectedState": false,
    "selectedindex": null,
    "selectedindices": null,
    "selecteditems": null,
    "selectedsectionindex": 0,
    "selectionbehavior": "default",
    "separatorrequired": false,
    "showscrollbars": false,
    "viewtype": "tableview",
    "wType": "Segment",
    "widgetalignment": 5,
    "widgetdatamap": {
        "btnFav": "btnFav",
        "flxTempBusNosList": "flxTempBusNosList",
        "imgFav": "imgFav",
        "lblLine": "lblLine",
        "lblStatusValue": "lblStatusValue"
    }
}