{
    "@class": "com.kony.gen.viz.model.component.KVizButton",
    "DNDConfig": null,
    "__parentReadjusting__": false,
    "_height_": {
        "type": "string",
        "value": "8.50%"
    },
    "_left_": {
        "type": "string",
        "value": "63dp"
    },
    "_margin_": [
        6,
        6,
        6,
        6
    ],
    "_padding_": [
        0,
        0,
        0,
        0
    ],
    "_skin_": "s7a9e0be292e4243ad958dd393f3c473",
    "_text_": "Refresh",
    "_top_": {
        "type": "string",
        "value": "3%"
    },
    "_width_": {
        "type": "string",
        "value": "60%"
    },
    "canUpdateUI": true,
    "centerx": {
        "type": "string",
        "value": "50%"
    },
    "containerweight": 100,
    "contentalignment": 5,
    "displaytext": true,
    "focusskin": "s87d6be045674689aa229d6ae641a079",
    "id": "btnRefresh",
    "ide_onClick": "AS_Button_9057ff3cfeed471ead3e9cefa66b363d",
    "info": null,
    "isvisible": true,
    "kuid": "6ecb12cedbf84753bb3d340a3f5c5064",
    "name": "kony.ui.Button",
    "parent": "flxBody",
    "pf": "frmStopsNearMe",
    "wType": "Button",
    "zindex": 1
}