{
    "@class": "com.kony.gen.viz.model.component.KVizLabel",
    "DNDConfig": null,
    "__parentReadjusting__": false,
    "_height_": {
        "type": "string",
        "value": "40dp"
    },
    "_left_": {
        "type": "string",
        "value": "7%"
    },
    "_margin_": [
        1,
        1,
        1,
        1
    ],
    "_padding_": [
        0,
        0,
        0,
        0
    ],
    "_skin_": "se270761c9b34d6b91d3de8af31e3ac8",
    "_text_": "Stops are fethed based on your GPS Location.",
    "_top_": {
        "type": "string",
        "value": "26%"
    },
    "_width_": {
        "type": "string",
        "value": "86%"
    },
    "_wrapping_": 2,
    "android": {
        "textStyle": {
            "letterSpacing": 0,
            "strikeThrough": false
        }
    },
    "canUpdateUI": true,
    "containerweight": 100,
    "contentalignment": 5,
    "id": "lblStatusValue",
    "info": null,
    "ipad": {
        "psp": {
            "wrapping": 2
        }
    },
    "iphone": {
        "psp": {
            "wrapping": 2
        }
    },
    "isvisible": true,
    "kuid": "ea2aef6d779b417aab930eab701f22e3",
    "name": "kony.ui.Label",
    "parent": "flxBody",
    "pf": "frmStopsNearMe",
    "tooltip": "",
    "wType": "Label"
}