{
    "@class": "com.kony.gen.viz.model.container.KVizSegment2",
    "DNDConfig": null,
    "__parentReadjusting__": false,
    "_bounces_": false,
    "_data_": [
        {
            "lblBusStop": {
                "@class": "com.viz.ide.model.segment.SimpleTextSegmentData",
                "text": "Cyber Gateway"
            },
            "lblLine": {
                "@class": "com.viz.ide.model.segment.SimpleTextSegmentData",
                "text": ":"
            }
        },
        {
            "lblBusStop": {
                "@class": "com.viz.ide.model.segment.SimpleTextSegmentData",
                "text": "Cyber Towers"
            },
            "lblLine": {
                "@class": "com.viz.ide.model.segment.SimpleTextSegmentData",
                "text": ":"
            }
        }
    ],
    "_height_": {
        "type": "string",
        "value": "66%"
    },
    "_indicator_": "none",
    "_left_": {
        "type": "string",
        "value": "0%"
    },
    "_margin_": [
        0,
        0,
        0,
        0
    ],
    "_orientation_": 2,
    "_padding_": [
        0,
        0,
        0,
        0
    ],
    "_top_": {
        "type": "string",
        "value": "34%"
    },
    "_width_": {
        "type": "string",
        "value": "100%"
    },
    "android": {
        "psp": {
            "dockSectionHeaders": true
        }
    },
    "autogrowmode": 0,
    "canUpdateUI": true,
    "containerweight": 100,
    "counter": "01",
    "focusedindex": null,
    "focuseditem": null,
    "groupcells": false,
    "hasSections": false,
    "id": "segBusStops",
    "ide_onRowClick": "AS_Segment_43a852ca866543ad89af6284d4cc3fe0",
    "info": null,
    "ipad": {
        "psp": {
            "indicator": "rowselect"
        }
    },
    "iphone": {
        "psp": {
            "bounces": false,
            "indicator": "none"
        }
    },
    "isvisible": true,
    "kuid": "4c6cd547362945228d4cb8efd1582bc4",
    "masterdata": {},
    "name": "kony.ui.SegmentedUI2",
    "needpageindicator": true,
    "pageoffdotimage": "pageOffDot.png",
    "pageondotimage": "pageOnDot.png",
    "paginationconfig": {
        "position": "bottom"
    },
    "parent": "flxBody",
    "pf": "frmStopsNearMe",
    "retainselection": false,
    "rowTemplateId": "cab09eaae93f46c3bb9c487bd2a2a120",
    "rowcounter": 1,
    "rowfocusskin": "s114baa971d54d31aa28adbbd5b9e7ad",
    "rowskin": "s623ffd4759e453487abd3f14a6e703b",
    "rowtemplate": "flxSegTempBusStopsList",
    "screenlevelwidget": false,
    "seccounter": 0,
    "sectionheaderskin": "s8452ed62ba5409ea274d13627439a7b",
    "selectedRows": null,
    "selectedState": false,
    "selectedindex": null,
    "selectedindices": null,
    "selecteditems": null,
    "selectedsectionindex": 0,
    "selectionbehavior": "default",
    "separatorrequired": false,
    "showscrollbars": false,
    "viewtype": "tableview",
    "wType": "Segment",
    "widgetalignment": 5,
    "widgetdatamap": {
        "flxSegTempBusStopsList": "flxSegTempBusStopsList",
        "lblBusStop": "lblBusStop",
        "lblLine": "lblLine"
    }
}