{
    "DNDConfig": null,
    "_height_": {
        "type": "string",
        "value": "60dp"
    },
    "_margin_": [
        0,
        0,
        0,
        0
    ],
    "_orientation_": 6,
    "_padding_": [
        0,
        0,
        0,
        0
    ],
    "_percent_": true,
    "_skin_": "sac286b7d9274ebba649d8f4029fc18d",
    "allboxes": [],
    "autogrowmode": 0,
    "canUpdateUI": true,
    "children": [
        "lblFrom",
        "lblTo",
        "lblLine",
        "imgarrow"
    ],
    "clipbounds": true,
    "containerId": true,
    "containerweight": 100,
    "enablescrolling": true,
    "id": "flxSegTempFavRoutes",
    "info": null,
    "isTemplate": true,
    "isvisible": true,
    "kuid": "b31b2009b3a14cc3b5a8d76770d43b0d",
    "layouttype": 2,
    "name": "kony.ui.FlexContainer",
    "parent": "segTempFavRoutesList",
    "pf": "segTempFavRoutesList",
    "snapgridsize": 10,
    "snaptogrid": true,
    "wType": "FlexContainer",
    "widgetalignment": 1
}